Должность,professionalroleid,Зарплата,Компания,Дата обьявления,Район,Тип занятости,Тип занятости2,Ключевые навыки,Ссылка,Мера содействия занятости,Специальность
Кассир координатор,8,от 170 000 до 190 000 KZT на руки,ИП Сарсембаев (ProСуши),Вакансия опубликована 29 мая 2023 в Костанае,"Костанай, улица Дружбы, 25",сменный график,Полная занятость,E9,https://almaty.hh.kz/vacancy/81199129,,
Завхоз (заведующий хозяйством),40,от 300 000 до 350 000 KZT до вычета налогов,ТОО Алтын-Куз-2003,Вакансия опубликована 26 мая 2023 в Костанае,Алматы,полный день,Полная занятость,E9,https://almaty.hh.kz/vacancy/81089497,,
Маляр в цех окраски,40,от 209 000 KZT до вычета налогов,ТОО СарыаркаАвтоПром,Вакансия опубликована 1 мая 2023 в Костанае,Алматы,полный день,Полная занятость,E9,https://almaty.hh.kz/vacancy/76452180,,
Хостес,140,до 140 000 KZT на руки,ТОО Гостиница Медео,Вакансия опубликована 26 мая 2023 в Костанае,Алматы,сменный график,Полная занятость,E9,https://almaty.hh.kz/vacancy/81105725,,
Контролер,40,от 120 000 KZT на руки,ТОО ДЕП,Вакансия опубликована 23 мая 2023 в Костанае,Алматы,полный день,Полная занятость,E9,https://almaty.hh.kz/vacancy/80855868,,
Грузчик на склад,40,от 200 000 до 260 000 KZT на руки,ТОО Одак,Вакансия опубликована 29 мая 2023 в Костанае,"Костанай, улица Карбышева, 36",полный день,Полная занятость,Стрессоустойчив;Усердность;Желание работать и зарабатывать;,https://almaty.hh.kz/vacancy/81236634,,
Лаборант по зерну и муке,168,от 200 000 KZT на руки,ТОО Аруана-2010,Вакансия опубликована 15 мая 2023 в Костанае,"Костанай, Уральская улица, 37",полный день,Полная занятость,E9,https://almaty.hh.kz/vacancy/80427768,,Наука
Оператор фасовки в мороженый цех,85,от 200 000 KZT до вычета налогов,ТОО ДЕП,Вакансия опубликована 10 мая 2023 в Костанае,"Костанай, улица Лермонтова, 32",сменный график,Полная занятость,молоко;технология перерабатывающих производств;изготовление молока;молочная продукция;Страховые продукты;технология производства продуктов животноводства;технологические машины и оборудование;технология продовольственных продуктов;стандартизация сертификация метрология;Технология производства;ветеринарная медицина;санитария;фасовка продукции;,https://almaty.hh.kz/vacancy/78273814,,Сервисное обслуживание/производство
Кладовщик на склад запасных частей,40,от 200 000 до 500 000 KZT на руки,ИП Агротрак,Вакансия опубликована 11 мая 2023 в Костанае,Алматы,полный день,Полная занятость,1С: Предприятие;Складской Учет;Складской документооборот;1С: Склад;Инвентаризация;Складская логистика;Документооборот;Учет товаров;,https://almaty.hh.kz/vacancy/78545522,,
Транспортировщик,40,от 200 000 до 250 000 KZT до вычета налогов,ТОО Фирма Арасан,Вакансия опубликована 25 мая 2023 в Костанае,Костанай,полный день,Полная занятость,E9,https://almaty.hh.kz/vacancy/81018061,,
Мерчендайзер,77,от 190 000 до 200 000 KZT до вычета налогов,ТОО ALPINA-KST,Вакансия опубликована 22 мая 2023 в Костанае,"Костанай, улица Карбышева, 2",полный день,Полная занятость,Проведение промо акций;Мерчандайзинг;Торговля;Пользователь ПК;Работа в команде;,https://almaty.hh.kz/vacancy/79950704,,
Оператор на производство безалкогольных напитков PEPSI,40,от 170 000 до 300 000 KZT на руки,ТОО RG Brands Kazakhstan,Вакансия опубликована 17 мая 2023 в Костанае,Алматы,сменный график,Полная занятость,Пользователь ПК;Работа в команде;оформление документации;Многозадачность;Безалкогольные напитки;Желание обучаться;Пунктуален;,https://almaty.hh.kz/vacancy/80548502,,
Администратор,8,от 80 000 KZT до вычета налогов,ИП Центр коррекции речи ЛОГОПЕД +,Вакансия опубликована 17 мая 2023 в Костанае,"Костанай, улица Гоголя, 42А",полный день,Частичная занятость,E9,https://almaty.hh.kz/vacancy/80598406,,
Кадровик,118,от 200 000 до 500 000 KZT до вычета налогов,Workle Pro,Вакансия опубликована 25 мая 2023 в Костанае,Алматы,удаленная работа,Частичная занятость,Подбор персонала;Рекрутмент;,https://almaty.hh.kz/vacancy/81011764,,Менеджмент
"Администратор зала (Ресепшен) Тойота центр, Костанай",8,от 120 000 KZT на руки,ТОО Тобол Моторс,Вакансия опубликована 15 мая 2023 в Костанае,"Костанай, проспект Абая, 26",сменный график,Полная занятость,E9,https://almaty.hh.kz/vacancy/80446906,,
Территориальный агент Beeline,40,от 100 000 до 250 000 KZT на руки,"Beeline, ТМ",Вакансия опубликована 24 мая 2023 в Костанае,Алматы,полный день,Частичная занятость,Поиск и привлечение клиентов;Консультация клиентов;Грамотная речь;,https://almaty.hh.kz/vacancy/79188674,,
Заведующий складом (логист) в аптеку,40,з/п не указана,ТОО ФАРМАКС - 2,Вакансия опубликована 25 мая 2023 в Костанае,Алматы,полный день,Полная занятость,Умение работать в команде;Деловая коммуникация;Ориентация на результат;Лекарственные препараты;,https://almaty.hh.kz/vacancy/80992285,,
Инженер-механик,111,от 200 000 до 300 000 KZT до вычета налогов,ТОО Агроснабженческая компания Аском,Вакансия опубликована 26 мая 2023 в Костанае,Алматы,полный день,Полная занятость,E9,https://almaty.hh.kz/vacancy/81070846,,Сервисное обслуживание/производство
Помощник повара,94,до 200 000 KZT до вычета налогов,ТОО Автодом Костанай,Вакансия опубликована 24 мая 2023 в Костанае,"Костанай, улица Баймагамбетова, 153",сменный график,Полная занятость,Работа в команде;Контроль качества;Поварское дело;Общественное питание;Ответственное хранение;,https://almaty.hh.kz/vacancy/80925022,,
Торговый представитель (PepsiCo Kazakhstan) по Костанайской области,129,от 250 000 KZT на руки,ТОО Компания ALE,Вакансия опубликована 2 мая 2023 в Костанае,"Костанай, Киевская улица, 21/1",полный день,Полная занятость,работа с текущей базой клиентов;Мерчендайзинг;Традиционная розница;Проведение промо акций;Современная розница;,https://almaty.hh.kz/vacancy/79966024,,
Зерносушильщик,40,от 200 000 до 250 000 KZT до вычета налогов,ТОО Аруана-2010,Вакансия опубликована 23 мая 2023 в Костанае,"Костанай, Уральская улица, 37",полный день,Полная занятость,Ответственность и пунктуальность;Работа в условиях многозадачности;,https://almaty.hh.kz/vacancy/80859439,,
Специалист по сопровождению договоров,33,до 250 000 KZT на руки,ТОО Wisk Telecom Solutions,Вакансия опубликована 16 мая 2023 в Костанае,Алматы,полный день,Полная занятость,Умение работать в режиме многозадачности;Грамотная устная и письменная речь;Умение работать с большим объемом информации;Опытный пользователь ПК;Ведение документооборота;Деловая коммуникация;,https://almaty.hh.kz/vacancy/80509168,,Юриспруденция
Менеджер-оценщик (Ломбард/МФО),137,от 220 000 до 280 000 KZT до вычета налогов,ТОО МФО LFTech (ТМ Деньги Маркет),Вакансия опубликована 25 мая 2023 в Костанае,Алматы,полный день,Полная занятость,Работа в команде;Деловое общение;Ориентация на результат;Клиентоориентированность;Обучение и развитие;,https://almaty.hh.kz/vacancy/81002684,,Финансы
Контролер в супермаркет,40,от 150 000 до 160 000 KZT до вычета налогов,ТОО Табыс&CO,Вакансия опубликована 12 мая 2023 в Костанае,Алматы,сменный график,Полная занятость,E9,https://almaty.hh.kz/vacancy/80332569,,
Хостес,140,от 100 000 KZT на руки,ТОО Торговый дом стройматериалов,Вакансия опубликована 21 мая 2023 в Костанае,"Костанай, Фабричная улица, 2",полный день,Полная занятость,Грамотная речь;Хостес;проведение опросов общественного мнения;Модельный бизнес;Работа в условиях многозадачности;,https://almaty.hh.kz/vacancy/79426664,,
Оператор-литейщик на автоматах и автоматических линиях (сборка форм),85,от 250 000 KZT на руки,ТОО КаmLitKZ,Вакансия опубликована 22 мая 2023 в Костанае,Алматы,полный день,Полная занятость,E9,https://almaty.hh.kz/vacancy/80784991,,Сервисное обслуживание/производство
Электромонтажник/монтажник,143,от 395 000 до 620 000 KZT на руки,ЗАО ЭнергоСтрой,Вакансия опубликована 28 мая 2023 в Костанае,Алматы,Вахтовый метод,Полная занятость,E9,https://almaty.hh.kz/vacancy/77697957,,Сервисное обслуживание/производство
Торговый представитель категория А,129,от 185 000 до 370 000 KZT до вычета налогов,ТОО Фирма Арасан,Вакансия опубликована 25 мая 2023 в Костанае,Алматы,полный день,Полная занятость,Аналитика продаж;Поиск и привлечение клиентов;Управление продажами;Развитие продаж;Заключение договоров;,https://almaty.hh.kz/vacancy/81017967,,
Мерчендайзер-специалист по выкладке товара,77,от 180 000 KZT на руки,ИП Веселов Евгений Викторович,Вакансия опубликована 4 мая 2023 в Костанае,"Костанай, проспект Абая, 1С",полный день,Полная занятость,Блочная выкладка товара;Пополнение товарных запасов;Выкладка товаров;Мерчандайзинг;Пользователь ПК;,https://almaty.hh.kz/vacancy/80089619,,
Помощник Монтажника пластиковых окон с правами.,40,от 200 000 до 300 000 KZT до вычета налогов,ИП Престиж,Вакансия опубликована 3 мая 2023 в Костанае,"Костанай, проспект Абая, 155",полный день,Полная занятость,Заинтересованность;,https://almaty.hh.kz/vacancy/80029379,,
Логист,39,от 150 000 до 700 000 KZT на руки,ТОО ING Trans Company,Вакансия опубликована 28 мая 2023 в Костанае,"Костанай, улица Дулатова, 230",полный день,Полная занятость,"Ведение переговоров;Деловое общение;Телефонные переговоры;Логистика;Ведение клиентской базы;Многозадачность;Пользователь ПК;Коммуникабельность, ответственность;",https://almaty.hh.kz/vacancy/80474311,,
Специалист по подбору кадров,118,от 200 000 до 500 000 KZT до вычета налогов,Workle Pro,Вакансия опубликована 29 мая 2023 в Костанае,Алматы,удаленная работа,Частичная занятость,Подбор персонала;Рекрутмент;,https://almaty.hh.kz/vacancy/80153004,,Менеджмент
Оператор производственной линии,85,от 150 000 до 200 000 KZT до вычета налогов,ТОО Фирма Арасан,Вакансия опубликована 26 мая 2023 в Костанае,Алматы,полный день,Полная занятость,E9,https://almaty.hh.kz/vacancy/81072011,,Сервисное обслуживание/производство
Специалист по взысканию просроченной задолженности,146,от 120 000 до 400 000 KZT на руки,ТОО Коллекторское агентство Эксперт,Вакансия опубликована 26 мая 2023 в Костанае,"Костанай, проспект Аль-Фараби, 119",полный день,Полная занятость,Грамотная речь;Работа в команде;Телефонные переговоры;Деловое общение;Грамотность;,https://almaty.hh.kz/vacancy/81103175,,
Разнорабочий на производство,40,от 220 000 до 220 000 KZT на руки,ИП Веселов Евгений Викторович,Вакансия опубликована 5 мая 2023 в Костанае,"Костанай, проспект Абая, 1С",полный день,Полная занятость,Коммуникабельность;активность;,https://almaty.hh.kz/vacancy/80155203,,
Тайный покупатель,40,з/п не указана,ТОО Staff-UP Consulting Group,Вакансия опубликована 10 мая 2023 в Костанае,Алматы,полный день,Проектная работа/разовое задание,Пользователь ПК;Телефонные переговоры;Ответственность;Аудит;Умение принимать решения;,https://almaty.hh.kz/vacancy/80239870,,
Торговый представитель по г. Костанай (бытовая химия),129,от 200 000 до 250 000 KZT на руки,ТОО Компания ALE,Вакансия опубликована 18 мая 2023 в Костанае,"Костанай, Киевская улица, 21/1",полный день,Полная занятость,работа с текущей базой клиентов;Мерчендайзинг;Традиционная розница;Проведение промо акций;Современная розница;,https://almaty.hh.kz/vacancy/80629914,,
Промоутер-консультант/Хостес табачный бренд,140,от 112 000 до 200 000 KZT на руки,ТОО CONTINEO,Вакансия опубликована 28 мая 2023 в Костанае,Алматы,полный день,Частичная занятость,Работа в команде;Проведение презентаций;Ведение переговоров;Грамотная речь;Активные продажи;,https://almaty.hh.kz/vacancy/81025076,,
Специалист по подбору кадров,118,от 200 000 до 500 000 KZT до вычета налогов,Workle Pro,Вакансия опубликована 24 мая 2023 в Костанае,Алматы,удаленная работа,Частичная занятость,Подбор персонала;Рекрутмент;,https://almaty.hh.kz/vacancy/80933365,,Менеджмент
Специалист по досудебной работе,40,от 120 000 до 200 000 KZT до вычета налогов,ТОО МФО LFTech (ТМ Деньги Маркет),Вакансия опубликована 23 мая 2023 в Костанае,"Костанай, улица Амангельды, 46",полный день,Полная занятость,"Работа в команде;Ориентация на результат;Деловое общение;Опытный пользовать ПК, знание MS Office;Телефонные переговоры;Ответственность и пунктуальность;Русский — C2 — В совершенстве;Казахский — B2 — Средне-продвинутый;",https://almaty.hh.kz/vacancy/79699114,,
Фармацевт,133,з/п не указана,ТОО ТОО «Забота Company LTD,Вакансия опубликована 24 мая 2023 в Костанае,"Костанай, улица Касымханова, 74А",сменный график,Полная занятость,E9,https://almaty.hh.kz/vacancy/80926636,,Медицина
Оператор телемаркетолог,84,от 160 000 до 190 000 KZT до вычета налогов,ТОО МФО LFTech (ТМ Деньги Маркет),Вакансия опубликована 26 мая 2023 в Костанае,Алматы,полный день,Полная занятость,E9,https://almaty.hh.kz/vacancy/81072029,,IT
Слесарь механосборочных работ,115,от 208 000 KZT до вычета налогов,ТОО СарыаркаАвтоПром,Вакансия опубликована 2 мая 2023 в Костанае,Алматы,полный день,Полная занятость,Работа в команде;Мобильность;Обучаемость;внимательность;собранность;,https://almaty.hh.kz/vacancy/77624448,,Сервисное обслуживание/производство
Помощник юриста,145,от 35 000 руб. на руки,BY business group,Вакансия опубликована 19 мая 2023 в Костанае,"Костанай, улица Амангельды, 87",полный день,Полная занятость,E9,https://almaty.hh.kz/vacancy/80715591,,
Мерчендайзер по работе с ключевыми клиентами,77,от 190 000 KZT на руки,ТОО RG Brands Kazakhstan,Вакансия опубликована 24 мая 2023 в Костанае,Алматы,полный день,Полная занятость,Мерчандайзинг;Выкладка товаров;,https://almaty.hh.kz/vacancy/80935481,,
Мерчендайзер канал/КАМ (Key Account Manager),40,от 190 000 KZT на руки,ТОО RG Brands Kazakhstan,Вакансия опубликована 23 мая 2023 в Костанае,Алматы,полный день,Полная занятость,Мерчандайзинг;Выкладка товаров;,https://almaty.hh.kz/vacancy/80900342,,
Комплектовщик на склад,40,от 117 000 руб. на руки,ООО Веллдан,Вакансия опубликована 16 мая 2023 в Костанае,Костанай,Вахтовый метод,Полная занятость,Работа с ТСД;Работа на складе;Способность быстро обучаться;Дружелюбность;,https://almaty.hh.kz/vacancy/79415250,,
Удаленный сотрудник по работе с клиентами,40,от 100 000 до 160 000 KZT до вычета налогов,ТОО Oktrening,Вакансия опубликована 29 мая 2023 в Костанае,Алматы,удаленная работа,Полная занятость,Грамотная речь;Работа в команде;Грамотность;Работа с большим объемом информации;Деловое общение;,https://almaty.hh.kz/vacancy/79196851,,
Медицинский представитель,65,от 180 000 до 500 000 KZT на руки,ТОО Новатор Фарма,Вакансия опубликована 25 мая 2023 в Костанае,Алматы,полный день,Полная занятость,Навыки продаж;Коммуникативные навыки;Навыки презентации;Работа в команде;Стрессоустойчивость;,https://almaty.hh.kz/vacancy/80996520,,Медицина
Стерженщик машинной формовки,85,от 250 000 KZT на руки,ТОО КаmLitKZ,Вакансия опубликована 22 мая 2023 в Костанае,Алматы,полный день,Полная занятость,E9,https://almaty.hh.kz/vacancy/80784799,,Сервисное обслуживание/производство
Грузчик-комплектовщик,40,до 160 000 KZT на руки,ТОО Apple City Corps,Вакансия опубликована 29 мая 2023 в Костанае,Алматы,полный день,Полная занятость,E9,https://almaty.hh.kz/vacancy/81209523,,
"Ведущий финансовый консультант, г. Костанай",16,з/п не указана,"Евразийский банк, АО",Вакансия опубликована 7 мая 2023 в Костанае,Алматы,полный день,Полная занятость,Работа в команде;Грамотная речь;оформление документации;Умение расставлять приоритеты;Страховые услуги;,https://almaty.hh.kz/vacancy/79031718,,Финансы
Торговый представитель по г. Костанай (продукты питания),129,от 180 000 KZT на руки,ТОО Компания ALE,Вакансия опубликована 2 мая 2023 в Костанае,"Костанай, Киевская улица, 21/1",полный день,Полная занятость,работа с текущей базой клиентов;Мерчендайзинг;Традиционная розница;Проведение промо акций;Современная розница;,https://almaty.hh.kz/vacancy/79965966,,
Администратор торгового зала/ресепшионист в автосалон,8,от 100 000 до 125 000 KZT на руки,ТОО ASTER AUTO,Вакансия опубликована 16 мая 2023 в Костанае,Алматы,сменный график,Полная занятость,Грамотная речь;Работа в команде;,https://almaty.hh.kz/vacancy/79853734,,
Диспетчер Service Desk,121,до 130 000 KZT на руки,ТОО Logitex,Вакансия опубликована 2 мая 2023 в Костанае,Алматы,полный день,Полная занятость,Грамотная речь;Ведение переговоров;Деловая переписка;Телефонные переговоры;Техническая поддержка;,https://almaty.hh.kz/vacancy/79967908,,
Дежурный по оборудованию,114,от 120 000 KZT на руки,ТОО Uplink,Вакансия опубликована 12 мая 2023 в Костанае,Алматы,полный день,Полная занятость,Пользователь ПК;Работа в команде;Работа с компьютером;Знание компьютера;Ответственность и пунктуальность;Ответственный подход к работе;,https://almaty.hh.kz/vacancy/80328678,,IT
Пекарь,94,от 150 000 KZT до вычета налогов,ТОО Астыкжан Костанай,Вакансия опубликована 29 мая 2023 в Костанае,Алматы,сменный график,Полная занятость,E9,https://almaty.hh.kz/vacancy/81201116,,
Монтажник ПВХ-окон,78,от 200 000 до 400 000 KZT на руки,ИП ГОСТокна,Вакансия опубликована 15 мая 2023 в Костанае,Костанай,полный день,Полная занятость,Монтаж металлоконструкций;,https://almaty.hh.kz/vacancy/80431698,,
Мерчендайзер,77,з/п не указана,ТОО Шин-Лайн,Вакансия опубликована 12 мая 2023 в Костанае,Алматы,полный день,Полная занятость,Дегустации;Мерчандайзинг;Проведение промо акций;Управление складскими запасами;Традиционная розница;,https://almaty.hh.kz/vacancy/80357865,,
Замерщик кровли и фасада,40,от 200 000 до 250 000 KZT на руки,ТОО Торговый дом стройматериалов,Вакансия опубликована 23 мая 2023 в Костанае,"Костанай, Фабричная улица, 2",полный день,Полная занятость,E9,https://almaty.hh.kz/vacancy/78921936,,
Торговый представитель на Детское направление,129,от 172 000 до 352 000 KZT на руки,ТОО Аманат,Вакансия опубликована 11 мая 2023 в Костанае,"Костанай, улица 8 Марта, 23",полный день,Полная занятость,Корпоративная этика;Навыки составления отчетности;Планирование продаж;Ведение клиентской базы;Поиск и привлечение клиентов;Активные продажи;Работа с возражениями;Мерчендайзинг;Ведение переговоров;Проведение презентаций;Работа в команде;Грамотная речь;,https://almaty.hh.kz/vacancy/80277629,,
Мерчендайзер по г. Костанай (кондитерские изделия),77,от 110 000 KZT на руки,ТОО Компания ALE,Вакансия опубликована 24 мая 2023 в Костанае,"Костанай, Киевская улица, 21/1",полный день,Полная занятость,Пользователь ПК;Контроль сроков годности;Turbo Pascal;Работа в команде;Способность обучать других;,https://almaty.hh.kz/vacancy/80921915,,
Сотрудник склада / Помощник кладовщика ТД ЦУМ,40,до 110 000 KZT на руки,ТОО Детский мир - Казахстан,Вакансия опубликована 25 мая 2023 в Костанае,Алматы,полный день,Полная занятость,E9,https://almaty.hh.kz/vacancy/80356037,,
Кондитер,94,от 150 000 KZT до вычета налогов,ИП Oil центр,Вакансия опубликована 15 мая 2023 в Костанае,"Костанай, улица Карбышева, 4/2",полный день,Полная занятость,Грамотная речь;Грамотность;Домашняя кухня;Работа в условиях многозадачности;Работа в команде;Сосредоточенность;,https://almaty.hh.kz/vacancy/80410797,,
Логист в транспортную компанию,67,от 200 000 до 350 000 KZT до вычета налогов,ТОО 1 Контур,Вакансия опубликована 29 мая 2023 в Костанае,"Костанай, микрорайон Амангельды, Степная улица, 1",полный день,Полная занятость,Автомобильные грузоперевозки;Логистика;,https://almaty.hh.kz/vacancy/79978492,,
Сварщик аргонной сварки,109,от 253 000 KZT до вычета налогов,ТОО RG Brands Kazakhstan,Вакансия опубликована 16 мая 2023 в Костанае,Алматы,полный день,Полная занятость,E9,https://almaty.hh.kz/vacancy/80476883,,Сервисное обслуживание/производство
Повар ресторана,94,от 180 000 до 190 000 KZT до вычета налогов,ТОО FESSLA,Вакансия опубликована 19 мая 2023 в Костанае,"Костанай, улица Карбышева, 55/5",сменный график,Полная занятость,E9,https://almaty.hh.kz/vacancy/80720554,,
Слесарь по металлу,115,от 180 000 KZT на руки,ТОО Костанайэнерго,Вакансия опубликована 4 мая 2023 в Костанае,Алматы,полный день,Полная занятость,Работа в команде;электроинструменты;,https://almaty.hh.kz/vacancy/74909603,,Сервисное обслуживание/производство
Специалист по качеству Поиска со знанием казахского языка,40,от 30 000 руб. на руки,Яндекс Крауд,Вакансия опубликована 25 мая 2023 в Костанае,Алматы,удаленная работа,Частичная занятость,E9,https://almaty.hh.kz/vacancy/79890401,,
Менеджер Отдела по работе с клиентами малого и среднего бизнеса в г.Костанай,40,з/п не указана,АО Нурбанк,Вакансия опубликована 11 мая 2023 в Костанае,Алматы,полный день,Полная занятость,E9,https://almaty.hh.kz/vacancy/80267802,,
Эксперт-оценщик,40,от 150 000 до 160 000 KZT на руки,ТОО М-Ломбард,Вакансия опубликована 12 мая 2023 в Костанае,Алматы,полный день,Полная занятость,Работа в команде;Грамотная речь;Обучение персонала;Ориентация на результат;Умение работать в команде;,https://almaty.hh.kz/vacancy/80353151,,
Повар,94,от 150 000 KZT до вычета налогов,ИП Oil центр,Вакансия опубликована 1 мая 2023 в Костанае,"Костанай, улица Карбышева, 4/2",сменный график,Полная занятость,Способность обучать других;Поварское дело;Обучение и развитие;Креативность;Творческое мышление;Работа в команде;,https://almaty.hh.kz/vacancy/79950104,,
Оператор контакт-центра,137,от 100 000 до 150 000 KZT до вычета налогов,ТОО МФО LFTech (ТМ Деньги Маркет),Вакансия опубликована 5 мая 2023 в Костанае,Алматы,сменный график,Полная занятость,проведение опросов общественного мнения;Работа в команде;Грамотная речь;Деловое общение;Клиентоориентированность;Казахский — B2 — Средне-продвинутый;,https://almaty.hh.kz/vacancy/80155420,,Финансы
Кухонная рабочая/Кухонный рабочий,40,от 130 000 до 150 000 KZT до вычета налогов,ИП Oil центр,Вакансия опубликована 10 мая 2023 в Костанае,Алматы,полный день,Полная занятость,Дружелюбность;Собранность;исполнение поручений руководителя;,https://almaty.hh.kz/vacancy/80244826,,
Кухонный рабочий,40,от 115 000 KZT на руки,ТОО АЙЭФСИЭМ КАЗАХСТАН,Вакансия опубликована 15 мая 2023 в Костанае,Алматы,полный день,Полная занятость,E9,https://almaty.hh.kz/vacancy/80424368,,
Онколог,24,з/п не указана,ТОО Поликлиника №5 города Костанай,Вакансия опубликована 26 мая 2023 в Костанае,"Костанай, Уральская улица, 14",полный день,Полная занятость,E9,https://almaty.hh.kz/vacancy/81074271,,Медицина
Кухонный рабочий,40,от 100 000 KZT на руки,ТОО Торговый дом стройматериалов,Вакансия опубликована 13 мая 2023 в Костанае,"Костанай, Фабричная улица, 2",полный день,Полная занятость,E9,https://almaty.hh.kz/vacancy/79990508,,
Модельщик по газифицированным моделям,40,от 180 000 KZT на руки,ТОО Олжа Агро,Вакансия опубликована 11 мая 2023 в Костанае,"Костанай, проспект Нурсултана Назарбаева, 170",полный день,Полная занятость,E9,https://almaty.hh.kz/vacancy/80317225,,
Торговый Представитель по г. Рудный (бытовая химия),129,от 200 000 KZT на руки,ТОО Компания ALE,Вакансия опубликована 18 мая 2023 в Костанае,Алматы,полный день,Полная занятость,работа с текущей базой клиентов;Мерчендайзинг;Традиционная розница;Проведение промо акций;Современная розница;,https://almaty.hh.kz/vacancy/80631424,,
Оператор-литейщик AMI на автоматах и автоматических линиях,85,з/п не указана,ТОО КаmLitKZ,Вакансия опубликована 22 мая 2023 в Костанае,Алматы,полный день,Полная занятость,E9,https://almaty.hh.kz/vacancy/80785091,,Сервисное обслуживание/производство
Специалист отдела розничного бизнеса,40,з/п не указана,АО Нурбанк,Вакансия опубликована 11 мая 2023 в Костанае,Алматы,полный день,Полная занятость,E9,https://almaty.hh.kz/vacancy/80267751,,
Лепщица/Лепщик полуфабрикатов,40,от 130 000 KZT до вычета налогов,ИП Oil центр,Вакансия опубликована 11 мая 2023 в Костанае,Алматы,полный день,Полная занятость,Чистоплотность;Опрятность;Способность быстро обучаться;Поварское дело;,https://almaty.hh.kz/vacancy/79153820,,
Врач-Маммолог,24,з/п не указана,ТОО Поликлиника №5 города Костанай,Вакансия опубликована 26 мая 2023 в Костанае,"Костанай, Уральская улица, 14",полный день,Полная занятость,E9,https://almaty.hh.kz/vacancy/81070938,,Медицина
Торговый представитель,129,от 100 000 до 250 000 KZT на руки,"«Останкинский мясоперерабатывающий холдинг», Региональные представительства",Вакансия опубликована 4 мая 2023 в Костанае,Алматы,полный день,Полная занятость,E9,https://almaty.hh.kz/vacancy/80120536,,
Специалист по досудебной работе/коллектор,136,от 180 000 до 220 000 KZT до вычета налогов,ТОО МФО LFTech (ТМ Деньги Маркет),Вакансия опубликована 5 мая 2023 в Костанае,Алматы,полный день,Полная занятость,E9,https://almaty.hh.kz/vacancy/80155321,,
"Электромеханик Группы по подключению клиентов (ст. Костанай, Тобол)",173,от 181 000 KZT до вычета налогов,АО Транстелеком,Вакансия опубликована 27 мая 2023 в Костанае,Алматы,полный день,Полная занятость,"Работа в команде;Техническая грамотность;Связь;Коммуникабельность, ответственность;Работа в условиях многозадачности;",https://almaty.hh.kz/vacancy/81158140,,Сервисное обслуживание/производство
Электромеханик Группы строительства сети,173,от 181 000 KZT до вычета налогов,АО Транстелеком,Вакансия опубликована 27 мая 2023 в Костанае,Алматы,полный день,Полная занятость,Работа в команде;Навыки обслуживания клиентов;Опытный пользователь ПК;,https://almaty.hh.kz/vacancy/81158145,,Сервисное обслуживание/производство
Бригадный агроном в Узункольский регион,7,от 150 000 до 270 000 KZT до вычета налогов,ТОО Олжа Агро,Вакансия опубликована 11 мая 2023 в Костанае,Алматы,полный день,Полная занятость,E9,https://almaty.hh.kz/vacancy/80267987,,
Автослесарь / Автомеханик,5,от 520 до 1 260 USD на руки,FIT SERVICE,Вакансия опубликована 28 мая 2023 в Костанае,"Костанай, улица Карбышева, 8/1",сменный график,Полная занятость,Желание работать и зарабатывать;Знание устройства автомобиля;,https://almaty.hh.kz/vacancy/80711367,,Сервисное обслуживание/производство
Автослесарь,115,от 150 000 KZT на руки,ИП Auto Sila,Вакансия опубликована 22 мая 2023 в Костанае,"Костанай, улица Карбышева, 8",полный день,Полная занятость,E9,https://almaty.hh.kz/vacancy/80822890,,Сервисное обслуживание/производство
Электрогазосварщик,109,от 88 000 до 114 000 руб. на руки,ЗАО ЭнергоСтрой,Вакансия опубликована 29 мая 2023 в Костанае,Алматы,Вахтовый метод,Полная занятость,Сварочные работы;Способность приспосабливаться к условиям;Электроэнергетика;,https://almaty.hh.kz/vacancy/78247812,,Сервисное обслуживание/производство
"IT-наставник для детей по разработке игр (Minecraft, Roblox)",96,до 80 000 руб. на руки,Skyeng,Вакансия опубликована 10 мая 2023 в Костанае,Алматы,удаленная работа,Частичная занятость,Разработка компьютерных Игр;Minecraft;Roblox;Программирование для детей;Преподаватель;Преподавание;Обучение;,https://almaty.hh.kz/vacancy/80255602,,IT
Мерчендайзер,77,до 185 000 KZT до вычета налогов,Филиал ТОО Бонус Корпорэйшн в г. Нур-Султан,Вакансия опубликована 22 мая 2023 в Костанае,Алматы,полный день,Полная занятость,E9,https://almaty.hh.kz/vacancy/80232930,,
Лаборант,168,з/п не указана,ТОО МИЛХ,Вакансия опубликована 29 мая 2023 в Костанае,Алматы,полный день,Полная занятость,E9,https://almaty.hh.kz/vacancy/80565717,,Наука
Обрубщик / ученик обрубщика,40,от 120 000 до 230 000 KZT на руки,ТОО Олжа Агро,Вакансия опубликована 22 мая 2023 в Костанае,"Костанай, проспект Нурсултана Назарбаева, 170",полный день,Стажировка,E9,https://almaty.hh.kz/vacancy/80798309,,
Повар горячего цеха,94,до 200 000 KZT на руки,ИП Таргет,Вакансия опубликована 10 мая 2023 в Костанае,"Костанай, микрорайон Юбилейный, 22",сменный график,Полная занятость,E9,https://almaty.hh.kz/vacancy/80226807,,
Мерчендайзер,77,от 142 500 до 152 500 KZT на руки,ТОО ТОО Zhiger trade,Вакансия опубликована 16 мая 2023 в Костанае,Алматы,полный день,Полная занятость,E9,https://almaty.hh.kz/vacancy/80468833,,
Видеограф / СММ специалист,20,от 120 000 до 300 000 KZT на руки,ТОО Оптисорт,Вакансия опубликована 22 мая 2023 в Костанае,"Костанай, Киевская улица, 60",полный день,Полная занятость,Видеосъемка;Обработка видео;Ведение групп в социальных сетях;Креативность;Видеомонтаж;,https://almaty.hh.kz/vacancy/80792167,,Массмедиа
Инструктор детской выставки,13,от 85 000 до 200 000 KZT на руки,ТОО КОСМОДРАЙВ КАЗАХСТАН,Вакансия опубликована 27 мая 2023 в Костанае,"Костанай, проспект Абая, 169",полный день,Полная занятость,Работа в команде;Способность быстро обучаться;Умение работать с людьми;Грамотная речь;,https://almaty.hh.kz/vacancy/81139755,,
SMM специалист,3,з/п не указана,ИП Global Inst,Вакансия опубликована 11 мая 2023 в Костанае,Костанай,полный день,Частичная занятость,Креативность;Творческое мышление;СММ;Генерация идей;Творческие навыки;Работа в команде;Инстаграм;,https://almaty.hh.kz/vacancy/80311796,,Менеджмент
Специалист по обслуживанию кофе аппаратов,40,от 160 000 до 240 000 KZT на руки,ИП ИЛЬИНЫХ И.О.,Вакансия опубликована 25 мая 2023 в Костанае,Костанай,полный день,Полная занятость,Ответственность и пунктуальность;Желание работать;,https://almaty.hh.kz/vacancy/80996476,,
Бухгалтер,18,от 190 000 до 200 000 KZT до вычета налогов,ТОО Промбаза-7,Вакансия опубликована 24 мая 2023 в Костанае,"Костанай, Северная промзона",полный день,Полная занятость,E9,https://almaty.hh.kz/vacancy/80936638,,Финансы
Специалист по обходу,40,от 60 000 до 90 000 KZT на руки,ТОО Поликлиника №5 города Костанай,Вакансия опубликована 18 мая 2023 в Костанае,Алматы,гибкий график,Частичная занятость,E9,https://almaty.hh.kz/vacancy/80623248,,
Менеджер по туризму,72,от 150 000 до 500 000 KZT до вычета налогов,ТОО Web Tours,Вакансия опубликована 17 мая 2023 в Костанае,"Костанай, улица 1 Мая, 151к7",полный день,Полная занятость,E9,https://almaty.hh.kz/vacancy/80551314,,
Мастер лазерной эпиляции,40,от 80 000 до 150 000 KZT на руки,ИП Шопанова,Вакансия опубликована 25 мая 2023 в Костанае,"Костанай, проспект Аль-Фараби, 74",сменный график,Частичная занятость,E9,https://almaty.hh.kz/vacancy/81043605,,
Специалист по работе с ПК,84,от 120 000 KZT на руки,ТОО Bankai ADS (Банкай АДС),Вакансия опубликована 11 мая 2023 в Костанае,"Костанай, проспект Абая, 159",полный день,Полная занятость,E9,https://almaty.hh.kz/vacancy/79700354,,IT
Помощник логиста,67,от 70 000 до 300 000 KZT до вычета налогов,ТОО RK TRANS LIDER,Вакансия опубликована 24 мая 2023 в Костанае,Алматы,полный день,Полная занятость,Пользователь ПК;Работа в команде;Работа с большим объемом информации;оформление заказов;Консультирование клиентов по телефону;,https://almaty.hh.kz/vacancy/80985484,,
Бухгалтер по банковским операциям,18,з/п не указана,ТОО КОСТАНАЙСКИЙ ЭНЕРГОЦЕНТР,Вакансия опубликована 18 мая 2023 в Костанае,"Костанай, Курганская улица, 8",полный день,Полная занятость,Кассовые документы;1С: Предприятие 8;Точность и внимательность к деталям;Учет банковских операций по лицевому счету;Умение работать в режиме многозадачности;способность быстро обучаться и легко воспринимать крупные объемы информации;Кассовые операции;Ответственность и исполнительность;,https://almaty.hh.kz/vacancy/79427380,,Финансы
Водитель-снабженец,40,от 120 000 до 120 000 KZT до вычета налогов,ТОО Мегаэнергоэкспертиза,Вакансия опубликована 23 мая 2023 в Костанае,Алматы,полный день,Полная занятость,E9,https://almaty.hh.kz/vacancy/80883145,,
Пиццамейкер в пиццерию Cheese Please Pizza,94,от 100 000 до 180 000 KZT на руки,ИП Кенжетаев Ж Ж,Вакансия опубликована 19 мая 2023 в Костанае,"Костанай, улица Байтурсынова, 49",гибкий график,Полная занятость,Ответственность;Работа в команде;,https://almaty.hh.kz/vacancy/80724496,,
Помощник лаборанта по испытаниям грунтов для строительства,79,от 150 000 KZT до вычета налогов,ТОО КазЭС,Вакансия опубликована 24 мая 2023 в Костанае,"Тобыл, улица 40 лет Октября, 74",полный день,Полная занятость,"Умение работать в команде;Усердность;Умение работать в режиме многозадачности;Внимательность, ответственность;Лабораторная работа;Способность работать с документами;Способность быстро обучаться;Физическая выносливость;",https://almaty.hh.kz/vacancy/80927572,,Наука
Специалист 3 категории,73,з/п не указана,ИП Simple technologies,Вакансия опубликована 5 мая 2023 в Костанае,Алматы,полный день,Полная занятость,Пользователь ПК;Работа в команде;Должностные инструкции;Высшее образование;Работа в условиях многозадачности;,https://almaty.hh.kz/vacancy/80157608,,Менеджмент
Техперсонал (уборщик),40,от 100 000 до 110 000 KZT на руки,ТОО FIT WAKE UP,Вакансия опубликована 18 мая 2023 в Костанае,"Костанай, проспект Нурсултана Назарбаева, 193",сменный график,Полная занятость,E9,https://almaty.hh.kz/vacancy/80675478,,
Стропальщик,40,до 220 000 KZT на руки,ТОО МеталлИнвестАтырау,Вакансия опубликована 22 мая 2023 в Костанае,"Костанай, Челябинская улица",полный день,Полная занятость,E9,https://almaty.hh.kz/vacancy/80795935,,
Заведующий складом в ветаптеку,81,от 120 000 до 150 000 KZT на руки,ТОО ЦЕНТРАЛЬНАЯ ВЕТЕРИНАРНАЯ АПТЕКА,Вакансия опубликована 24 мая 2023 в Костанае,Алматы,полный день,Полная занятость,Работать в команде;Точность и внимательность к деталям;Материальная ответственность;Быстрообучаемый;Желание работать и зарабатывать;Сосредоточенность;,https://almaty.hh.kz/vacancy/80925984,,
Технический специалист,111,з/п не указана,ТОО Hydraulic systems Kazakhstan (Гидравлические системы Казахстана),Вакансия опубликована 2 мая 2023 в Костанае,"Костанай, улица Карбышева, 95",полный день,Полная занятость,E9,https://almaty.hh.kz/vacancy/79961358,,Сервисное обслуживание/производство
Детский массажист,60,з/п не указана,ИП Центр коррекции речи ЛОГОПЕД +,Вакансия опубликована 16 мая 2023 в Костанае,"Костанай, улица Гоголя, 42А",полный день,Полная занятость,E9,https://almaty.hh.kz/vacancy/80470345,,Медицина
Менеджер по логистике,67,от 200 000 до 400 000 KZT на руки,ТОО Seven City,Вакансия опубликована 16 мая 2023 в Костанае,Алматы,полный день,Полная занятость,E9,https://almaty.hh.kz/vacancy/80473160,,
"Консультант-оператор/бухгалтер (экономист, государственное управление)",18,з/п не указана,ТОО Бақ-ЛИЧ,Вакансия опубликована 15 мая 2023 в Костанае,"Костанай, проспект Аль-Фараби, 65",полный день,Полная занятость,Консультирование;Грамотная речь;Работа с людьми;Консультирование клиентов;Работа в команде;Прием и распределение телефонных звонков;Пользователь ПК;входящие звонки;исходящие звонки;Работа с юридическими лицами;Техническая поддержка;Знание офисных программ;,https://almaty.hh.kz/vacancy/80407605,,Финансы
Менеджер колл центра,54,от 120 000 до 200 000 KZT до вычета налогов,ИП Таалайбек,Вакансия опубликована 20 мая 2023 в Костанае,Алматы,полный день,Полная занятость,Быстрообучаемость;Коммуникабельность;Стрессоустойчивость;,https://almaty.hh.kz/vacancy/80768437,,Менеджмент
Специалист отдела логистики,67,от 70 000 до 300 000 KZT на руки,ТОО M-AUTO GROUP,Вакансия опубликована 9 мая 2023 в Костанае,Алматы,полный день,Полная занятость,Грамотная речь;Деловое общение;Навыки продаж;Грамотность;Проведение опросов клиентов;Опыт продаж;Работать в команде;Продажи физическим лицам;Казахский — A1 — Начальный;Русский — A1 — Начальный;,https://almaty.hh.kz/vacancy/80197431,,
Менеджер-логист,67,от 150 000 до 300 000 KZT на руки,ИП Auto Sila,Вакансия опубликована 1 мая 2023 в Костанае,Костанай,полный день,Стажировка,"Уверенный пользователь ПК (Word, Excel);Работа с компьютером;Составление договоров;Документооборот;Легкообучаемый;Умение работать в коллективе;Поиск информации в интернет;Пользователь ПК;Умение работать в условиях многозадачности;Ответственность и пунктуальность;",https://almaty.hh.kz/vacancy/79953322,,
Помощник повара,94,от 100 000 до 150 000 руб. на руки,ТОО СУШИ ХИРО,Вакансия опубликована 17 мая 2023 в Костанае,"Костанай, 193 проспект Нурсултана Назарбаева",сменный график,Полная занятость,Работа в команде;Грамотность;,https://almaty.hh.kz/vacancy/80564760,,
Помощник инженера-техника,112,от 110 000 до 130 000 KZT на руки,ТОО МОНИТОРИНГ ПЛЮС,Вакансия опубликована 26 мая 2023 в Костанае,"Костанай, улица Карбышева, 2",полный день,Полная занятость,E9,https://almaty.hh.kz/vacancy/79805716,,IT
Менеджер по логистике,67,от 150 000 до 500 000 KZT на руки,ТОО СВ ИМПУЛЬС,Вакансия опубликована 17 мая 2023 в Костанае,"Костанай, проспект Аль-Фараби, 74",полный день,Полная занятость,Пользователь ПК;Работа в команде;Грамотная речь;Работа с людьми;MS Paint;,https://almaty.hh.kz/vacancy/80603346,,
Менеджер по логистике,67,от 180 000 до 350 000 KZT на руки,ТОО Green Light's - ( Зеленый свет ),Вакансия опубликована 7 мая 2023 в Костанае,Костанай,полный день,Полная занятость,E9,https://almaty.hh.kz/vacancy/80183561,,
Менеджер по логистике,67,от 100 000 до 200 000 KZT до вычета налогов,ТОО KST Lогистик,Вакансия опубликована 15 мая 2023 в Костанае,"Костанай, улица Тауелсиздик, 83",полный день,Полная занятость,Пользователь ПК;Работа в команде;оформление документации;Работа с оргтехникой;Умение работать в коллективе;,https://almaty.hh.kz/vacancy/80442997,,
Инженер-электронщик,48,от 150 000 до 250 000 KZT до вычета налогов,ТОО Алгоритм Сервис,Вакансия опубликована 5 мая 2023 в Костанае,"Костанай, улица Амангельды, 72",полный день,Полная занятость,E9,https://almaty.hh.kz/vacancy/80131925,,Сервисное обслуживание/производство
Сборщик корпусной мебели,40,от 80 000 до 120 000 KZT до вычета налогов,ТОО STORE HOUSE (СТОР ХАУС),Вакансия опубликована 5 мая 2023 в Костанае,"Костанай, Зерновая улица, 1",полный день,Полная занятость,E9,https://almaty.hh.kz/vacancy/80144645,,
Кассир-оценщик,40,от 150 000 до 170 000 KZT на руки,ТОО Ломбард Миллион-М,Вакансия опубликована 11 мая 2023 в Костанае,Алматы,сменный график,Полная занятость,E9,https://almaty.hh.kz/vacancy/80280226,,
Слесарь-сантехник,115,от 176 719 до 231 929 KZT до вычета налогов,ТОО СарыаркаАвтоПром,Вакансия опубликована 3 мая 2023 в Костанае,Алматы,полный день,Полная занятость,Работа в команде;Умение работать в коллективе;Умение расставлять приоритеты;Планирование карьеры;Работа в условиях многозадачности;,https://almaty.hh.kz/vacancy/80038411,,Сервисное обслуживание/производство
Помощник Сборщика окон и жалюзи.,40,от 150 000 до 200 000 KZT до вычета налогов,ИП Престиж,Вакансия опубликована 2 мая 2023 в Костанае,"Костанай, Уральская улица, 14A",полный день,Полная занятость,Умение работать в команде;,https://almaty.hh.kz/vacancy/79990338,,
Менеджер по транспортной логистике,67,от 100 000 до 500 000 KZT на руки,ТОО Gold Imperial 10,Вакансия опубликована 15 мая 2023 в Костанае,"Костанай, улица Хакимжановой, 7",полный день,Полная занятость,Пользователь ПК;Заключение договоров;Работа в команде;Деловое общение;Умение работать в команде;,https://almaty.hh.kz/vacancy/78137213,,
Менеджер по логистике,67,от 100 000 до 150 000 KZT на руки,ТОО Ativa,Вакансия опубликована 4 мая 2023 в Костанае,Алматы,полный день,Полная занятость,Телефонные переговоры;Пользователь ПК;Заключение договоров;Работа в команде;Ведение переговоров;Грамотная речь;Деловое общение;Работа с клиентами;,https://almaty.hh.kz/vacancy/80077412,,
Бухгалтер / помощник бухгалтера,18,от 150 000 до 200 000 KZT на руки,ТОО Республиканский центр помощи предпринимателям 2050,Вакансия опубликована 22 мая 2023 в Костанае,"Костанай, улица Каирбекова, 85",полный день,Полная занятость,1С: Предприятие 8;Internet;Первичные документы;Работа с документами;Статистика;,https://almaty.hh.kz/vacancy/80813560,,Финансы
Бухгалтер,18,от 200 000 до 240 000 KZT до вычета налогов,ТОО Алтын Ден КЗ,Вакансия опубликована 3 мая 2023 в Костанае,"Костанай, улица Генерала Арыстанбекова",полный день,Полная занятость,E9,https://almaty.hh.kz/vacancy/80047198,,Финансы
Парикмахер,92,от 300 000 до 400 000 KZT на руки,ИП Айкенова Е.С,Вакансия опубликована 14 мая 2023 в Костанае,Костанай,гибкий график,Полная занятость,E9,https://almaty.hh.kz/vacancy/80389129,,Юриспруденция
Декоратор,141,от 120 000 KZT на руки,ИП Шимко И.В,Вакансия опубликована 30 апреля 2023 в Костанае,"Костанай, улица Летунова, 22",сменный график,Полная занятость,Грамотная речь;Креативность;Творческий подход в работе;Воздушные шары;Аэродизайн;Работа в команде;Увереный пользователь пк;,https://almaty.hh.kz/vacancy/79944100,,Сервисное обслуживание/производство
