Должность,professionalroleid,Зарплата,Опыт,Компания,Дата обьявления,Район,Тип занятости,Тип занятости2,Ключевые навыки,Ссылка
Менеджер по маркетингу,68,от 270 000 до 310 000 KZT до вычета налогов,не требуется,"АО УМЗ, АО",Вакансия опубликована 23 мая 2023 в Усть-Каменогорске,Алматы,полный день,"Полная занятость, полный день",E9,https://almaty.hh.kz/vacancy/80891325
Помощник главного бухгалтера,18,от 200 000 KZT на руки,не требуется,ТОО LOGYGROUND,Вакансия опубликована 23 мая 2023 в Усть-Каменогорске,"Усть-Каменогорск, улица Тохтарова, 48/2",полный день,"Полная занятость, полный день",Кадровое делопроизводство;1С: Бухгалтерия;Работа с документами;Сверка взаиморасчетов с поставщиками товаров и услуг;Первичные документы;Внутренняя документация;,https://almaty.hh.kz/vacancy/80856675
Администратор фитнес-клуба Orange Area,8,от 250 000 KZT на руки,не требуется,ИП Джерихов С.В.,Вакансия опубликована 11 мая 2023 в Усть-Каменогорске,"Усть-Каменогорск, проспект Ауэзова, 1/1",сменный график,"Полная занятость, сменный график",Грамотная речь;Пользователь ПК;Деловое общение;Навыки продаж;Телефонные переговоры;Прием и распределение телефонных звонков;,https://almaty.hh.kz/vacancy/79665776
Инженер Управления связи Представительства,112,з/п не указана,не требуется,АО Национальные информационные технологии,Вакансия опубликована 24 мая 2023 в Усть-Каменогорске,Алматы,полный день,"Полная занятость, полный день",E9,https://almaty.hh.kz/vacancy/80923270
Администратор салона красоты,8,от 120 000 до 150 000 KZT на руки,не требуется,ИП Рифель Н.Н,Вакансия опубликована 28 мая 2023 в Усть-Каменогорске,"Усть-Каменогорск, улица Крылова, 66",сменный график,"Полная занятость, сменный график",E9,https://almaty.hh.kz/vacancy/80788409
Администратор,8,от 200 000 до 200 000 KZT на руки,не требуется,ТОО УК ТРК,Вакансия опубликована 25 мая 2023 в Усть-Каменогорске,"Усть-Каменогорск, улица Виноградова, 17А",полный день,"Частичная занятость, полный день",E9,https://almaty.hh.kz/vacancy/79919356
Оператор,84,от 130 000 KZT до вычета налогов,не требуется,АО Объединённая ЭнергоСервисная Компания,Вакансия опубликована 25 мая 2023 в Усть-Каменогорске,"Усть-Каменогорск, улица Бажова, 10",полный день,"Полная занятость, полный день",E9,https://almaty.hh.kz/vacancy/80993298
Модератор карт,40,от 250 000 до 250 000 KZT до вычета налогов,не требуется,ТОО Апару,Вакансия опубликована 5 мая 2023 в Усть-Каменогорске,Алматы,полный день,"Полная занятость, полный день",E9,https://almaty.hh.kz/vacancy/80135121
IOS Developer,96,з/п не указана,не требуется,ТОО Апару,Вакансия опубликована 18 мая 2023 в Усть-Каменогорске,"Усть-Каменогорск, улица Кайсенова, 123",полный день,"Полная занятость, полный день",E9,https://almaty.hh.kz/vacancy/80633787
Веб-дизайнер,96,от 150 000 до 300 000 KZT до вычета налогов,не требуется,ИП Аянбек Досумбаев,Вакансия опубликована 23 мая 2023 в Усть-Каменогорске,Алматы,полный день,"Полная занятость, полный день",E9,https://almaty.hh.kz/vacancy/80859203
Помощник главного бухгалтера,18,от 120 000 до 180 000 KZT до вычета налогов,не требуется,ИП Сервис com,Вакансия опубликована 20 мая 2023 в Усть-Каменогорске,"Усть-Каменогорск, проспект Нурсултана Назарбаева, 23",полный день,"Полная занятость, полный день",Деловая переписка;Заключение договоров;Деловое общение;Документооборот;Первичная документация;реализация товаров и услуг;Авансовые отчеты;1С: Бухгалтерия;Первичные документы;,https://almaty.hh.kz/vacancy/80763774
Хостес,140,до 150 000 KZT на руки,не требуется,ИП Нечепуренко А.М,Вакансия опубликована 10 мая 2023 в Усть-Каменогорске,"Усть-Каменогорск, улица Антона Чехова, 46к1",полный день,"Полная занятость, полный день",Работа в команде;Грамотная речь;Опрятность;Приветливость;Дружелюбность;Опрятный внешний вид;Встреча гостей;Умение проявлять тактичность и толерантность;,https://almaty.hh.kz/vacancy/80231629
Торговый представитель,129,от 250 000 до 300 000 KZT до вычета налогов,не требуется,"ТОО Багратион Улан, ТОО",Вакансия опубликована 26 мая 2023 в Усть-Каменогорске,Алматы,полный день,"Полная занятость, полный день",E9,https://almaty.hh.kz/vacancy/81065992
Намотчица/намотчик секций силовых конденсаторов,40,от 180 000 KZT на руки,не требуется,ТОО Усть-Каменогоркий конденсаторный завод,Вакансия опубликована 23 мая 2023 в Усть-Каменогорске,"Усть-Каменогорск, улица Жакыпбека Малдыбаева, 1",полный день,"Полная занятость, полный день",Пользователь ПК;Google Chrome;Работа с людьми;,https://almaty.hh.kz/vacancy/80886721
Секретарь директора Банка,40,з/п не указана,не требуется,АО Bereke Bank,Вакансия опубликована 24 мая 2023 в Усть-Каменогорске,Алматы,полный день,"Полная занятость, полный день",E9,https://almaty.hh.kz/vacancy/80922003
Специалист по подбору кадров,118,от 200 000 до 500 000 KZT до вычета налогов,не требуется,Workle Pro,Вакансия опубликована 24 мая 2023 в Усть-Каменогорске,Алматы,удаленная работа,"Частичная занятость, удаленная работа",Подбор персонала;Рекрутмент;,https://almaty.hh.kz/vacancy/80933315
Электромонтажник/монтажник,143,от 395 000 до 620 000 KZT на руки,не требуется,ЗАО ЭнергоСтрой,Вакансия опубликована 3 мая 2023 в Усть-Каменогорске,"Екатеринбург, Геологическая, Площадь 1905 года, Чкаловская, улица Начдива Васильева, 3А",полный день,"Полная занятость, полный день",E9,https://almaty.hh.kz/vacancy/80060485
Специалист по подбору кадров,118,от 200 000 до 500 000 KZT до вычета налогов,не требуется,Workle Pro,Вакансия опубликована 25 мая 2023 в Усть-Каменогорске,Алматы,удаленная работа,"Частичная занятость, удаленная работа",Подбор персонала;Рекрутмент;,https://almaty.hh.kz/vacancy/81011602
Специалист отдела снабжения,66,от 200 000 до 268 000 KZT на руки,не требуется,ТОО General WAY,Вакансия опубликована 18 мая 2023 в Усть-Каменогорске,"Усть-Каменогорск, улица Тохтарова, 51",полный день,"Полная занятость, полный день",Заключение договоров;Пользователь ПК;Закупка товаров и услуг;Управление поставками;Документальное сопровождение;Согласование договоров;Работа с поставщиками;Контроль поставок;Контроль оформления документов;Договоры поставки;Логистика поставок;,https://almaty.hh.kz/vacancy/80657076
Специалист по подбору кадров,118,от 200 000 до 500 000 KZT до вычета налогов,не требуется,Workle Pro,Вакансия опубликована 5 мая 2023 в Усть-Каменогорске,Алматы,удаленная работа,"Частичная занятость, удаленная работа",Подбор персонала;Рекрутмент;,https://almaty.hh.kz/vacancy/80152943
Оператор отдела по работе с потребителями,40,от 150 000 KZT на руки,не требуется,"Усть-Каменогорские тепловые сети, АО",Вакансия опубликована 22 мая 2023 в Усть-Каменогорске,Г.Усть-Каменогорск,полный день,"Полная занятость, полный день",Прием и распределение телефонных звонков;Грамотная речь;Работа с базами данных;работа с физическими лицами;,https://almaty.hh.kz/vacancy/79774034
Мерчендайзер,77,з/п не указана,не требуется,ТОО Аромика Трейд (ТД West),Вакансия опубликована 28 апреля 2023 в Усть-Каменогорске,Алматы,полный день,"Полная занятость, полный день",Организация мероприятий;Учет товаров;Умение работать в команде;Учет остатков;,https://almaty.hh.kz/vacancy/79922037
Менеджер в мессенджерах,8,от 70 000 до 150 000 руб. до вычета налогов,не требуется,Нагорнов Илья Викторович,Вакансия опубликована 27 мая 2023 в Усть-Каменогорске,Алматы,гибкий график,"Полная занятость, гибкий график",Навыки продаж;Деловая переписка;Умение работать в команде;Консультирование клиентов по телефону;Управление отношениями с клиентами;Деловое общение;Продажи;Навыки межличностного общения;Работа в команде;Грамотная речь;Образованность;Общение;Индивидуальный подход;Консультирование;Работа с клиентами;CRM;Проведение опросов;Грамотность;Деловая коммуникация;,https://almaty.hh.kz/vacancy/80392999
Инженер по надзору за пожарной безопасностью,120,от 222 310 до 432 389 KZT до вычета налогов,не требуется,"АО УМЗ, АО",Вакансия опубликована 12 мая 2023 в Усть-Каменогорске,Алматы,полный день,"Полная занятость, полный день",Делопроизводство;Пожарная безопасность;,https://almaty.hh.kz/vacancy/80378569
"Тайный покупатель, удаленно",40,з/п не указана,не требуется,ТОО PLAN business consult,Вакансия опубликована 16 мая 2023 в Усть-Каменогорске,Алматы,удаленная работа,"Частичная занятость, удаленная работа",Грамотная речь;Ответственность;,https://almaty.hh.kz/vacancy/80516636
Оператор по упаковке весовой продукции,85,от 220 000 до 250 000 KZT до вычета налогов,не требуется,АО Aitas KZ,Вакансия опубликована 12 мая 2023 в Усть-Каменогорске,Усть-Каменогорск,сменный график,"Полная занятость, сменный график",Пользователь ПК;Работа в команде;Грамотность;Работа в условиях многозадачности;Опыт личностного общения и успешных продаж;,https://almaty.hh.kz/vacancy/80330624
Медицинский представитель,65,от 200 000 до 500 000 KZT на руки,не требуется,ТОО Новатор Фарма,Вакансия опубликована 25 мая 2023 в Усть-Каменогорске,Алматы,полный день,"Полная занятость, полный день",Навыки продаж;Коммуникативные навыки;Навыки презентации;Работа в команде;Стрессоустойчивость;,https://almaty.hh.kz/vacancy/81028576
Экономист отдела снабжения,66,от 205 000 KZT до вычета налогов,не требуется,ТОО Усть-Каменогоркий конденсаторный завод,Вакансия опубликована 4 мая 2023 в Усть-Каменогорске,"Усть-Каменогорск, улица Жакыпбека Малдыбаева, 1",полный день,"Полная занятость, полный день",Закупки;Английский язык;Закупка товаров и услуг;Планирование закупок;Оптимизация закупок;,https://almaty.hh.kz/vacancy/80079255
Промоутер-консультант/Хостес в табачный бренд,140,от 112 000 до 200 000 KZT на руки,не требуется,ТОО CONTINEO,Вакансия опубликована 25 мая 2023 в Усть-Каменогорске,Алматы,гибкий график,"Частичная занятость, гибкий график",Работа в команде;Проведение презентаций;Ведение переговоров;Грамотная речь;Активные продажи;,https://almaty.hh.kz/vacancy/81025237
Менеджер химчистки ковров,40,от 150 000 до 250 000 KZT до вычета налогов,не требуется,ИП K-Service,Вакансия опубликована 17 мая 2023 в Усть-Каменогорске,"Усть-Каменогорск, улица Новаторов, 5",полный день,"Полная занятость, полный день",E9,https://almaty.hh.kz/vacancy/80559224
Слесарь по обслуживанию и ремонту оборудования на подземных горных работах (Алтайский край),111,з/п не указана,не требуется,Уральская горно-металлургическая компания,Вакансия опубликована 24 мая 2023 в Усть-Каменогорске,Алматы,полный день,"Полная занятость, полный день",E9,https://almaty.hh.kz/vacancy/80920965
Торговый представитель,129,от 255 000 KZT на руки,не требуется,ТОО DELVITA-Алматы,Вакансия опубликована 27 мая 2023 в Усть-Каменогорске,Алматы,полный день,"Полная занятость, полный день",Мерчендайзинг;работа с текущей базой клиентов;Поиск и привлечение клиентов;Прямые продажи;Активные продажи;Грамотная речь;Работа с дебиторской задолженностью;,https://almaty.hh.kz/vacancy/80019772
Оператор производственной линии,85,до 150 000 KZT на руки,не требуется,ТОО ТАГБЕНТ,Вакансия опубликована 25 мая 2023 в Усть-Каменогорске,"Усть-Каменогорск, улица Карла Либкнехта, 21",полный день,"Полная занятость, полный день",Контроль качества;Работа в команде;Производственный контроль;Производственное планирование;Умение работать в команде;Контроль отгрузок;Организация производства;Уборка;Организация рабочего процесса;,https://almaty.hh.kz/vacancy/80993696
Вальцовщик холодного металла/Прессовщик на гидропрессах/Станочник,128,от 200 000 до 285 000 KZT до вычета налогов,не требуется,"АО УМЗ, АО",Вакансия опубликована 24 мая 2023 в Усть-Каменогорске,Алматы,полный день,"Полная занятость, полный день",E9,https://almaty.hh.kz/vacancy/80938792
Начинающий специалист по подбору персонала/рекрутер,118,от 150 000 до 170 000 KZT на руки,не требуется,ТОО ExpertFinance,Вакансия опубликована 4 мая 2023 в Усть-Каменогорске,"Усть-Каменогорск, проспект Абая, 189",полный день,"Полная занятость, полный день",Подбор персонала;Адаптация персонала;Обучение и развитие;Организаторские навыки;Работа в команде;,https://almaty.hh.kz/vacancy/80123629
Территориальный агент Beeline,40,от 100 000 до 250 000 KZT на руки,не требуется,"Beeline, ТМ",Вакансия опубликована 19 мая 2023 в Усть-Каменогорске,Алматы,гибкий график,"Частичная занятость, гибкий график",Поиск и привлечение клиентов;Консультация клиентов;Грамотная речь;,https://almaty.hh.kz/vacancy/77831198
Электромонтажник,143,от 300 000 KZT на руки,не требуется,ТОО Elit Stroy group,Вакансия опубликована 2 мая 2023 в Усть-Каменогорске,Алматы,полный день,"Полная занятость, полный день",E9,https://almaty.hh.kz/vacancy/79969766
Медицинский представитель,65,от 200 000 до 500 000 KZT на руки,не требуется,ТОО Новатор Фарма,Вакансия опубликована 28 апреля 2023 в Усть-Каменогорске,Алматы,полный день,"Полная занятость, полный день",Навыки продаж;Коммуникативные навыки;Навыки презентации;Работа в команде;Стрессоустойчивость;,https://almaty.hh.kz/vacancy/79921876
Помощник юриста,145,от 35 000 руб. на руки,не требуется,BY business group,Вакансия опубликована 19 мая 2023 в Усть-Каменогорске,"Усть-Каменогорск, проспект Сатпаева, 7",полный день,"Полная занятость, полный день",E9,https://almaty.hh.kz/vacancy/80699880
Дезинфектор,40,до 200 000 KZT до вычета налогов,не требуется,АО Aitas KZ,Вакансия опубликована 18 мая 2023 в Усть-Каменогорске,поселок Касым Кайсенов,полный день,"Полная занятость, полный день",E9,https://almaty.hh.kz/vacancy/80654709
Уборщик торговых помещений,40,от 140 000 до 140 000 KZT на руки,не требуется,ТОО Крепёжная застава (сеть магазинов строительных материалов ТНП),Вакансия опубликована 26 мая 2023 в Усть-Каменогорске,"Усть-Каменогорск, улица Казахстан, 159",полный день,"Полная занятость, полный день",Клининг;Не конфликтность;Умение работать в команде;Опрятность;,https://almaty.hh.kz/vacancy/81070829
Диспетчер Service Desk,121,до 140 000 KZT на руки,не требуется,ТОО Logitex,Вакансия опубликована 2 мая 2023 в Усть-Каменогорске,Алматы,полный день,"Полная занятость, полный день",Грамотная речь;Ведение переговоров;Деловая переписка;Телефонные переговоры;Техническая поддержка;,https://almaty.hh.kz/vacancy/79960883
Удаленный сотрудник по работе с клиентами,40,от 100 000 до 160 000 KZT до вычета налогов,не требуется,ТОО Oktrening,Вакансия опубликована 26 мая 2023 в Усть-Каменогорске,Алматы,удаленная работа,"Полная занятость, удаленная работа",Грамотная речь;Работа в команде;Грамотность;Работа с большим объемом информации;Деловое общение;,https://almaty.hh.kz/vacancy/79196848
Медицинская сестра/медицинский брат,64,з/п не указана,не требуется,"ТОО Олимп КДЛ, ТМ (ТОО Мырза Хан)",Вакансия опубликована 25 мая 2023 в Усть-Каменогорске,Алматы,сменный график,"Полная занятость, сменный график",Пользователь ПК;Работа в команде;Грамотная речь;проведение опросов общественного мнения;Работа в условиях многозадачности;,https://almaty.hh.kz/vacancy/79853387
Составитель фарша/помощник фаршесоставителя,85,от 220 000 до 220 000 KZT на руки,не требуется,АО Aitas KZ,Вакансия опубликована 15 мая 2023 в Усть-Каменогорске,Алматы,полный день,"Полная занятость, полный день",Выносливость;Работа в условиях многозадачности;Физическая выносливость;,https://almaty.hh.kz/vacancy/80438214
Диспетчер,39,от 115 000 до 115 000 KZT до вычета налогов,не требуется,ТОО Гелиос,Вакансия опубликована 16 мая 2023 в Усть-Каменогорске,Алматы,полный день,"Полная занятость, полный день",MS Outlook;Организаторские навыки;Пользователь ПК;,https://almaty.hh.kz/vacancy/80488571
Сервисный инженер,111,з/п не указана,не требуется,ТОО Neo Service,Вакансия опубликована 4 мая 2023 в Усть-Каменогорске,Алматы,полный день,"Полная занятость, полный день",E9,https://almaty.hh.kz/vacancy/80081582
Бухгалтер-стажер,18,от 130 000 до 150 000 KZT на руки,не требуется,ТОО ExpertFinance,Вакансия опубликована 4 мая 2023 в Усть-Каменогорске,"Усть-Каменогорск, проспект Абая, 189",полный день,"Стажировка, полный день",Первичная документация;Бухгалтерский учет;Авансовые отчеты;1С: Предприятие 8;Учет поступающих ТМЦ;Пользователь ПК;Работа с большим объемом информации;1C: Зарплата и кадры;1С: Предприятие: Бухгалтерский Учет;Грамотность;Ответственность;,https://almaty.hh.kz/vacancy/80124173
Бухгалтер по реализации,18,от 150 000 до 160 000 KZT на руки,не требуется,ТОО Эмиль,Вакансия опубликована 15 мая 2023 в Усть-Каменогорске,"Усть-Каменогорск, улица Александра Протозанова, 5",полный день,"Полная занятость, полный день",1С: Предприятие 8;Знание 1С;1C: Предприятие;Работа с документами постоянного хранения;Работа с документами временного хранения;,https://almaty.hh.kz/vacancy/79997325
Преподаватель в школу робототехники,132,от 70 000 KZT на руки,не требуется,ТОО Mutayev & CO,Вакансия опубликована 2 мая 2023 в Усть-Каменогорске,"Усть-Каменогорск, проспект Абая, 9/1",полный день,"Частичная занятость, полный день",Умение общаться с людьми;Опытный пользователь ПК;Грамотная речь;Творческий подход к работе;Обучение;Работа в команде;Творческое мышление;Умение работать в команде;Грамотность;Индивидуальный подход;,https://almaty.hh.kz/vacancy/79983607
Торговый представитель,129,з/п не указана,не требуется,ТОО СВИТ Company 2016,Вакансия опубликована 15 мая 2023 в Усть-Каменогорске,"Усть-Каменогорск, проспект Абая, 181/3к2",гибкий график,"Полная занятость, гибкий график",E9,https://almaty.hh.kz/vacancy/80445482
Экспедитор,40,от 160 000 до 165 000 KZT до вычета налогов,не требуется,"Радуга, ТОО (Компания Raduga KDR)",Вакансия опубликована 17 мая 2023 в Усть-Каменогорске,Алматы,полный день,"Полная занятость, полный день",Работа в команде;Умение принимать решения;Умение работать в коллективе;,https://almaty.hh.kz/vacancy/80583184
Слесарь-сантехник,115,до 244 000 KZT на руки,не требуется,АО Aitas KZ,Вакансия опубликована 18 мая 2023 в Усть-Каменогорске,поселок Касым Кайсенов,полный день,"Полная занятость, полный день",E9,https://almaty.hh.kz/vacancy/79363068
Кухонный работник на посуду,40,от 145 000 KZT на руки,не требуется,"ТОО Dedeman Oskemen Tavros (Таврос Иртыш Отельджилик, ТОО)",Вакансия опубликована 11 мая 2023 в Усть-Каменогорске,Алматы,полный день,"Полная занятость, полный день",Работа в команде;Чистоплотность;,https://almaty.hh.kz/vacancy/80269694
Специалист по автокредитованию,57,з/п не указана,не требуется,АО Банк ЦентрКредит,Вакансия опубликована 15 мая 2023 в Усть-Каменогорске,Алматы,полный день,"Полная занятость, полный день",Пользователь ПК;Работа в команде;Поиск и привлечение клиентов;Навыки продаж;Активные продажи;,https://almaty.hh.kz/vacancy/80399001
Оператор ресепшен,40,от 109 000 до 109 000 KZT до вычета налогов,не требуется,АО TECHNODOM Operator (Технодом Оператор),Вакансия опубликована 19 мая 2023 в Усть-Каменогорске,Алматы,полный день,"Полная занятость, полный день",E9,https://almaty.hh.kz/vacancy/80728865
Торговый представитель,129,от 170 000 KZT на руки,не требуется,ИП МҰҚТАРОВ ДАМИР САПИЯНҰЛЫ VIP-Сервис,Вакансия опубликована 27 мая 2023 в Усть-Каменогорске,Алматы,полный день,"Полная занятость, полный день",работа с текущей базой клиентов;работа с клиентами;Умение принимать решение;Выездное обслуживание;,https://almaty.hh.kz/vacancy/80924416
Грузчик-мерчендайзер,77,от 160 000 до 175 000 KZT до вычета налогов,не требуется,ТОО Бэст Прайс Казахстан,Вакансия опубликована 25 мая 2023 в Усть-Каменогорске,Алматы,полный день,"Полная занятость, полный день",Выкладка товаров;Умение работать в команде;Мерчандайзинг;Линейная выкладка товара;Блочная выкладка товара;Зонирование;Точность и внимательность к деталям;,https://almaty.hh.kz/vacancy/80727049
Помощник машиниста буровой установки,63,от 150 000 до 230 000 KZT на руки,не требуется,ТОО Корпорация Востокпромгео,Вакансия опубликована 19 мая 2023 в Усть-Каменогорске,"Усть-Каменогорск, Омская улица, 2",Вахтовый метод,"Полная занятость, Вахтовый метод",Техническое обслуживание буровой установки;,https://almaty.hh.kz/vacancy/79017817
Специалист по оценке смартфонов в ломбард / Начинающий специалист,57,от 160 000 до 200 000 KZT на руки,не требуется,ТОО THE BEST SELLER,Вакансия опубликована 28 мая 2023 в Усть-Каменогорске,"Усть-Каменогорск, проспект Нурсултана Назарбаева, 28",сменный график,"Полная занятость, сменный график",E9,https://almaty.hh.kz/vacancy/80479803
Тайный покупатель,40,з/п не указана,не требуется,ТОО Staff-UP Consulting Group,Вакансия опубликована 10 мая 2023 в Усть-Каменогорске,Алматы,полный день,"Проектная работа/разовое задание, полный день",Пользователь ПК;Телефонные переговоры;Ответственность;Аудит;Умение принимать решения;,https://almaty.hh.kz/vacancy/80239876
Машинист котлов (Котельная),115,з/п не указана,не требуется,"Усть-Каменогорские тепловые сети, АО",Вакансия опубликована 2 мая 2023 в Усть-Каменогорске,Г.Усть-Каменогорск,сменный график,"Полная занятость, сменный график",E9,https://almaty.hh.kz/vacancy/78943664
Специалист по взысканию просроченной задолженности,146,от 120 000 до 400 000 KZT на руки,не требуется,ТОО Коллекторское агентство Эксперт,Вакансия опубликована 12 мая 2023 в Усть-Каменогорске,"Усть-Каменогорск, улица Казахстан, 159",полный день,"Полная занятость, полный день",Грамотная речь;Работа в команде;Телефонные переговоры;Деловое общение;Грамотность;,https://almaty.hh.kz/vacancy/80330874
Торговый представитель,129,от 100 000 KZT на руки,не требуется,АО Алма Телекоммуникейшнс Казахстан ( ТМ АЛМА-ТВ),Вакансия опубликована 15 мая 2023 в Усть-Каменогорске,Алматы,гибкий график,"Частичная занятость, гибкий график",Поиск и привлечение клиентов;работа с текущей базой клиентов;Холодные продажи;Заключение договоров;Активные продажи;,https://almaty.hh.kz/vacancy/79387830
Машинист-обходчик по турбинному оборудованию,63,от 240 000 KZT на руки,не требуется,ТОО Усть-Каменогорская ТЭЦ,Вакансия опубликована 16 мая 2023 в Усть-Каменогорске,"Усть-Каменогорск, Промышленная улица, 2",сменный график,"Полная занятость, сменный график",E9,https://almaty.hh.kz/vacancy/80487756
Электромонтер по ремонту и обслуживанию электрооборудования,143,от 200 000 KZT на руки,не требуется,ТОО Эмиль,Вакансия опубликована 18 мая 2023 в Усть-Каменогорске,"Усть-Каменогорск, улица Александра Протозанова, 5",полный день,"Полная занятость, полный день",Монтаж электрооборудования;Ремонт электрооборудования;Обслуживание электрооборудования;,https://almaty.hh.kz/vacancy/80641690
Специалист по качеству Поиска со знанием казахского языка,40,от 30 000 руб. на руки,не требуется,Яндекс Крауд,Вакансия опубликована 25 мая 2023 в Усть-Каменогорске,Алматы,удаленная работа,"Частичная занятость, удаленная работа",E9,https://almaty.hh.kz/vacancy/79890398
Кредитный менеджер,57,от 100 000 до 300 000 KZT до вычета налогов,не требуется,ТОО Микрофинансовая организация Робокэш.кз,Вакансия опубликована 25 мая 2023 в Усть-Каменогорске,Алматы,полный день,"Полная занятость, полный день",Проведение презентаций;Консультирование;Грамотная речь;Подготовка презентаций;Клиентоориентированность;,https://almaty.hh.kz/vacancy/78809667
Электрик,143,от 170 000 KZT до вычета налогов,не требуется,ТОО Гелиос,Вакансия опубликована 25 мая 2023 в Усть-Каменогорске,Алматы,полный день,"Полная занятость, полный день",E9,https://almaty.hh.kz/vacancy/81025382
Слесарь КИПиА (ЗПП),115,до 255 000 KZT до вычета налогов,не требуется,АО Aitas KZ,Вакансия опубликована 4 мая 2023 в Усть-Каменогорске,Алматы,полный день,"Полная занятость, полный день",Чтение электросхем;Работа с электроинструментом;Пользователь ПК;Техническая грамотность;Работа с измерительными приборами;,https://almaty.hh.kz/vacancy/80075542
Бухгалтер,18,от 100 000 до 130 000 KZT на руки,не требуется,ТОО Лучшая Бухгалтерская Компания,Вакансия опубликована 28 мая 2023 в Усть-Каменогорске,"Усть-Каменогорск, улица Кабанбай Батыра, 51",полный день,"Полная занятость, полный день",Кассовые операции;Первичная документация;1C: Бухгалтерия;1С: Предприятие 8;,https://almaty.hh.kz/vacancy/80091097
Инспектор (Инспекция и отбор проб),79,от 160 000 до 160 000 KZT на руки,не требуется,ТОО СЖС Казахстан ЛТД,Вакансия опубликована 24 мая 2023 в Усть-Каменогорске,Алматы,сменный график,"Полная занятость, сменный график",Пользователь ПК;Работа в команде;Грамотная речь;Ведение отчетности;Ведение документации;внимательность;Пробоотбор;Инспекция концентратов цветной металлургии;отбор проб;визуальная оценка качества концентрата;казцинк;Дружелюбность;Результат;Разнорабочий;Инспекционные проверки;Желание работать и развиваться;Без опыта;Лаборант;Пробоотборщик;Заполнение документации;Цветная металлургия;,https://almaty.hh.kz/vacancy/78130427
Лаборант,79,з/п не указана,не требуется,"ТОО Олимп КДЛ, ТМ (ТОО Мырза Хан)",Вакансия опубликована 25 мая 2023 в Усть-Каменогорске,"Усть-Каменогорск, проспект Шакарима, 156/1",полный день,"Полная занятость, полный день",E9,https://almaty.hh.kz/vacancy/78895983
Медицинский представитель,65,з/п не указана,не требуется,"ТОО Олимп КДЛ, ТМ (ТОО Мырза Хан)",Вакансия опубликована 25 мая 2023 в Усть-Каменогорске,"Усть-Каменогорск, проспект Шакарима, 156/1",полный день,"Полная занятость, полный день",E9,https://almaty.hh.kz/vacancy/78218155
Инженер по качеству колбасного завода,44,до 175 000 KZT на руки,не требуется,АО Aitas KZ,Вакансия опубликована 19 мая 2023 в Усть-Каменогорске,Алматы,сменный график,"Полная занятость, сменный график",Управление качеством;Офисные программы;Высшее образование;Контроль качества;Работа с претензиями;,https://almaty.hh.kz/vacancy/80699903
Эксперт-оценщик в ломбард,57,от 130 000 до 180 000 KZT на руки,не требуется,ТОО Elex lombard-UK,Вакансия опубликована 28 мая 2023 в Усть-Каменогорске,Алматы,полный день,"Полная занятость, полный день",E9,https://almaty.hh.kz/vacancy/80488610
Слесарь по обслуживанию и ремонту оборудования на подземных горных работах,115,з/п не указана,не требуется,Уральская горно-металлургическая компания,Вакансия опубликована 19 мая 2023 в Усть-Каменогорске,Алматы,полный день,"Полная занятость, полный день",E9,https://almaty.hh.kz/vacancy/80697387
Выездной менеджер,129,от 180 000 KZT на руки,не требуется,ИП МҰҚТАРОВ ДАМИР САПИЯНҰЛЫ VIP-Сервис,Вакансия опубликована 27 мая 2023 в Усть-Каменогорске,Алматы,полный день,"Полная занятость, полный день",Работа в команде;Деловое общение;Грамотная речь;Русский — C2 — В совершенстве;,https://almaty.hh.kz/vacancy/80924489
Электрик,143,от 200 000 KZT на руки,не требуется,"ТОО Багратион Улан, ТОО",Вакансия опубликована 3 мая 2023 в Усть-Каменогорске,Алматы,полный день,"Полная занятость, полный день",E9,https://almaty.hh.kz/vacancy/80015730
Электрогазосварщик,109,з/п не указана,не требуется,"Усть-Каменогорские тепловые сети, АО",Вакансия опубликована 12 мая 2023 в Усть-Каменогорске,Алматы,полный день,"Полная занятость, полный день",Сварочные работы;Ремонтные работы;Техническое обслуживание;,https://almaty.hh.kz/vacancy/79336543
Оценщик в ломбард,57,от 130 000 до 150 000 KZT до вычета налогов,не требуется,ТОО Астра-Лoмбард,Вакансия опубликована 23 мая 2023 в Усть-Каменогорске,Алматы,полный день,"Полная занятость, полный день","Терпеливость;Работа с компьютером;Знание компьютера;Серьезность;Внимательность, ответственность;Грамотная речь;Коммуникабельность, ответственность;Пользователь ПК;",https://almaty.hh.kz/vacancy/80893669
Пекарь,94,з/п не указана,не требуется,ТОО MAGNUM. Защита активов и предотвращение потерь/Активтерді қорғау және шығындарды болдырмау,Вакансия опубликована 10 мая 2023 в Усть-Каменогорске,Алматы,полный день,"Полная занятость, полный день",E9,https://almaty.hh.kz/vacancy/80229477
Эксперт-оценщик,40,от 160 000 до 160 000 KZT на руки,не требуется,ТОО М-Ломбард,Вакансия опубликована 10 мая 2023 в Усть-Каменогорске,Алматы,сменный график,"Полная занятость, сменный график",Работа в команде;Грамотная речь;Обучение персонала;Ориентация на результат;Умение работать в команде;,https://almaty.hh.kz/vacancy/80227255
Инженер-проектировщик электротехнического/сантехнического отдела УПКИ,48,от 170 000 до 280 000 KZT до вычета налогов,не требуется,"АО УМЗ, АО",Вакансия опубликована 23 мая 2023 в Усть-Каменогорске,Алматы,полный день,"Полная занятость, полный день",AutoCAD;Разработка проектной документации;Проектная документация;Разработка технических заданий;Проектирование;,https://almaty.hh.kz/vacancy/80889329
Мясник-обвальщик,40,з/п не указана,не требуется,ТОО MAGNUM. Команда магазинов/Дүкендер командасы,Вакансия опубликована 10 мая 2023 в Усть-Каменогорске,Алматы,полный день,"Полная занятость, полный день",E9,https://almaty.hh.kz/vacancy/80229358
Технолог пищевого производства,49,з/п не указана,не требуется,ТОО Азия Кус,Вакансия опубликована 4 мая 2023 в Усть-Каменогорске,Усть-Каменогорск,полный день,"Полная занятость, полный день",E9,https://almaty.hh.kz/vacancy/80101692
Электромеханик связи,111,от 170 000 KZT до вычета налогов,не требуется,АО Транстелеком,Вакансия опубликована 5 мая 2023 в Усть-Каменогорске,Алматы,полный день,"Полная занятость, полный день",E9,https://almaty.hh.kz/vacancy/80134085
Менеджер абонентского отдела,40,от 100 000 KZT на руки,не требуется,ТОО GAS IMPEX KZ,Вакансия опубликована 19 мая 2023 в Усть-Каменогорске,"Павлодар, Восточный промышленный район, 1637",полный день,"Полная занятость, полный день",E9,https://almaty.hh.kz/vacancy/80719878
Слесарь по ремонту оборудования котельных и пылеприготовительных цехов,115,от 250 000 KZT на руки,не требуется,ТОО Усть-Каменогорская ТЭЦ,Вакансия опубликована 16 мая 2023 в Усть-Каменогорске,"Усть-Каменогорск, Промышленная улица, 2",полный день,"Полная занятость, полный день",Ремонтные работы;Работа в команде;,https://almaty.hh.kz/vacancy/80487186
Электромонтажник,143,от 170 000 до 250 000 KZT на руки,не требуется,ТОО ВК Синтез,Вакансия опубликована 27 мая 2023 в Усть-Каменогорске,"Усть-Каменогорск, проспект Шакарым, 5/2",полный день,"Полная занятость, полный день",Монтаж оборудования;Работа в команде;Электромонтажные работы;Монтаж инженерных систем;,https://almaty.hh.kz/vacancy/79599627
"IT-наставник для детей по разработке игр (Minecraft, Roblox)",96,до 80 000 руб. на руки,не требуется,Skyeng,Вакансия опубликована 10 мая 2023 в Усть-Каменогорске,Алматы,удаленная работа,"Частичная занятость, удаленная работа",Разработка компьютерных Игр;Minecraft;Roblox;Программирование для детей;Преподаватель;Преподавание;Обучение;,https://almaty.hh.kz/vacancy/80255599
Ведущий кредитный администратор в отдел кредитного администрирования,40,з/п не указана,не требуется,АО Нурбанк,Вакансия опубликована 17 мая 2023 в Усть-Каменогорске,Алматы,полный день,"Полная занятость, полный день",Банковское дело;Умение работать в коллективе;Ответственный подход к работе;,https://almaty.hh.kz/vacancy/80575551
Электромонтер сетей и связи,112,от 180 000 KZT на руки,не требуется,ТОО Adicom2000 (Адиком2000),Вакансия опубликована 26 мая 2023 в Усть-Каменогорске,Алматы,полный день,"Полная занятость, полный день",E9,https://almaty.hh.kz/vacancy/80583047
Мерчендайзер-грузчик (КШТ),77,от 160 000 до 175 000 KZT до вычета налогов,не требуется,ТОО Бэст Прайс Казахстан,Вакансия опубликована 3 мая 2023 в Усть-Каменогорске,Алматы,полный день,"Полная занятость, полный день",Мерчандайзинг;Приемка груза;,https://almaty.hh.kz/vacancy/80053609
Слесарь по ремонту и обслуживанию парогазотурбинного оборудования,115,от 250 000 KZT на руки,не требуется,ТОО Усть-Каменогорская ТЭЦ,Вакансия опубликована 16 мая 2023 в Усть-Каменогорске,"Усть-Каменогорск, Промышленная улица, 2",полный день,"Полная занятость, полный день",Ремонтные работы;Работа в команде;Умение принимать решения;,https://almaty.hh.kz/vacancy/80487286
Электромеханик Группы строительства сети,111,от 170 000 KZT до вычета налогов,не требуется,АО Транстелеком,Вакансия опубликована 5 мая 2023 в Усть-Каменогорске,Алматы,полный день,"Полная занятость, полный день",Ответственность;,https://almaty.hh.kz/vacancy/80133741
Администратор шоу-рума,72,от 180 000 до 180 000 KZT на руки,не требуется,ТОО ALAN MOTORS,Вакансия опубликована 5 мая 2023 в Усть-Каменогорске,Алматы,полный день,"Полная занятость, полный день",E9,https://almaty.hh.kz/vacancy/80144300
Координатор промо активностей в г. Усть-Каменогорск,71,з/п не указана,не требуется,ТОО Pro Triniti,Вакансия опубликована 26 мая 2023 в Усть-Каменогорске,Алматы,гибкий график,"Частичная занятость, гибкий график",Работа в команде;Организаторские навыки;Проведение промо акций;Подбор персонала;Документальное сопровождение;Контроль работы промоутеров;Многозадачность;Подбор сотрудников;Закупка рекламных материалов;Деловая коммуникация;Организация промо акций;Умение планировать;Отчетность;,https://almaty.hh.kz/vacancy/79969134
Помощник / помощница технолога в приготовлении сыров,40,з/п не указана,не требуется,ИП Кривопалова А.Н,Вакансия опубликована 12 мая 2023 в Усть-Каменогорске,"Усть-Каменогорск, Элеваторная улица, 21",полный день,"Полная занятость, полный день",E9,https://almaty.hh.kz/vacancy/80376987
Cторчекер / Тайный покупатель,40,от 30 000 до 100 000 KZT на руки,не требуется,ТОО Филиал GVG DANIŞMANLIK ANONIM ŞİRKETİ (Джи Ви Джи Данышманлык Аноним Ширкети),Вакансия опубликована 11 мая 2023 в Усть-Каменогорске,Алматы,гибкий график,"Частичная занятость, гибкий график",E9,https://almaty.hh.kz/vacancy/80304188
Администратор регистратуры,8,от 200 000 KZT до вычета налогов,не требуется,ТОО АЛТЫНСТОМ,Вакансия опубликована 21 мая 2023 в Усть-Каменогорске,Алматы,полный день,"Полная занятость, полный день",Деловая коммуникация;Пользователь ПК;Грамотная речь;Коммуникация;Продуктивность;Умение работать с людьми;Способность работать с документами;,https://almaty.hh.kz/vacancy/80779278
Администратор,8,от 120 000 KZT на руки,не требуется,ИП AQUA BABY,Вакансия опубликована 15 мая 2023 в Усть-Каменогорске,"Усть-Каменогорск, улица Сагадата Нурмагамбетова, 42/1",сменный график,"Полная занятость, сменный график",E9,https://almaty.hh.kz/vacancy/80405086
Оператор упаковки/расфасовки молочной продукции,85,от 220 000 KZT до вычета налогов,не требуется,ТОО Корпорация Восток-Молоко,Вакансия опубликована 11 мая 2023 в Усть-Каменогорске,"Усть-Каменогорск, Самарское шоссе, 5",сменный график,"Полная занятость, сменный график",Пользователь ПК;Internet;Google Chrome;Материальная ответственность;,https://almaty.hh.kz/vacancy/80270651
Фармацевт склада,133,з/п не указана,не требуется,ТОО АлтайМедика,Вакансия опубликована 24 мая 2023 в Усть-Каменогорске,Алматы,полный день,"Полная занятость, полный день",E9,https://almaty.hh.kz/vacancy/80940184
Электромонтер,143,от 230 000 до 400 000 KZT на руки,не требуется,ТОО Drive Industrial Systems,Вакансия опубликована 17 мая 2023 в Усть-Каменогорске,Алматы,полный день,"Полная занятость, полный день","Чтение электросхем;Работа с электроинструментом;Коммуникабельность, ответственность;Умение работать в команде;Электромонтажные работы;Монтаж оборудования;",https://almaty.hh.kz/vacancy/80618741
Оператор 1С,113,до 185 000 KZT до вычета налогов,не требуется,ТОО МФО Береке,Вакансия опубликована 26 мая 2023 в Усть-Каменогорске,Алматы,полный день,"Полная занятость, полный день",Оператор ПК;Грамотность;Офисная техника;Знание MS Office;1С: Документооборот;Работа с существующей базой клиентов;Быстрая скорость печати;,https://almaty.hh.kz/vacancy/81081160
Вахтер,40,от 45 000 KZT до вычета налогов,не требуется,ТОО Вектор Про (ТМ Мир дерева),Вакансия опубликована 19 мая 2023 в Усть-Каменогорске,"Усть-Каменогорск, улица Михаила Чистякова, 11",сменный график,"Частичная занятость, сменный график",E9,https://almaty.hh.kz/vacancy/80706653
Оператор на аттракционы,40,з/п не указана,не требуется,ИП Никипелов С.С.,Вакансия опубликована 12 мая 2023 в Усть-Каменогорске,Усть-Каменогорск,полный день,"Полная занятость, полный день",E9,https://almaty.hh.kz/vacancy/80352207
Тренер - инструктор тренажёрного зала,138,от 70 000 до 200 000 KZT на руки,не требуется,ИП ЕРАСОВ А. А,Вакансия опубликована 24 мая 2023 в Усть-Каменогорске,Алматы,полный день,"Полная занятость, полный день",E9,https://almaty.hh.kz/vacancy/80927497
Помощник бухгалтера,18,до 150 000 KZT на руки,не требуется,ТОО Қыран Агро Шығыс,Вакансия опубликована 22 мая 2023 в Усть-Каменогорске,"Усть-Каменогорск, проспект Абая, 205",полный день,"Полная занятость, полный день",E9,https://almaty.hh.kz/vacancy/80821145
Оператор ПК,84,от 140 000 до 150 000 KZT на руки,не требуется,ТОО Восток-Молоко,Вакансия опубликована 16 мая 2023 в Усть-Каменогорске,"Усть-Каменогорск, улица Новаторов, 10",сменный график,"Полная занятость, сменный график",E9,https://almaty.hh.kz/vacancy/80482493
Формовщик стеклопластиковых изделий,40,от 200 000 до 350 000 KZT на руки,не требуется,ТОО Din Tex,Вакансия опубликована 12 мая 2023 в Усть-Каменогорске,Усть-Каменогорск,полный день,"Полная занятость, полный день",E9,https://almaty.hh.kz/vacancy/80334855
Менеджер по закупкам/Специалист по логистике и ВЭД,66,от 300 000 KZT до вычета налогов,не требуется,ТОО TransMentor,Вакансия опубликована 13 мая 2023 в Усть-Каменогорске,"Усть-Каменогорск, улица Кабанбай батыра, 49",полный день,"Полная занятость, полный день",E9,https://almaty.hh.kz/vacancy/80381656
Оператор аттракциона,40,от 100 000 KZT на руки,не требуется,ТОО 710 OIL,Вакансия опубликована 7 мая 2023 в Усть-Каменогорске,Алматы,полный день,"Полная занятость, полный день",E9,https://almaty.hh.kz/vacancy/79018674
Акушерка/акушер,64,з/п не указана,не требуется,Учреждение Амбулаторный центр,Вакансия опубликована 25 мая 2023 в Усть-Каменогорске,"Усть-Каменогорск, проспект Абая, 18",полный день,"Полная занятость, полный день",E9,https://almaty.hh.kz/vacancy/81010888
Мастер ногтевого сервиса,61,от 120 000 KZT на руки,не требуется,ИП Медведева Я.О,Вакансия опубликована 23 мая 2023 в Усть-Каменогорске,"Усть-Каменогорск, улица Максима Горького, 64",полный день,"Полная занятость, полный день",Маникюр;Педикюр;Креативность;Обучение и развитие;,https://almaty.hh.kz/vacancy/80855929
Специалист по обслуживанию и ремонту,40,от 70 000 до 200 000 KZT на руки,не требуется,ИП Крэйзирайдер,Вакансия опубликована 24 мая 2023 в Усть-Каменогорске,Усть-Каменогорск,гибкий график,"Полная занятость, гибкий график",E9,https://almaty.hh.kz/vacancy/80920403
Фармацевт - провизор,133,от 150 000 KZT на руки,не требуется,ИП АБДУЛАЕВ ВАСИФ ЯВАР-ОГЛЫ,Вакансия опубликована 15 мая 2023 в Усть-Каменогорске,Алматы,сменный график,"Полная занятость, сменный график",E9,https://almaty.hh.kz/vacancy/80427606
Менеджер по продажам,40,от 180 000 KZT до вычета налогов,не требуется,Филиал ТОО КазСвет Group в городе Усть-Каменогорск.,Вакансия опубликована 5 мая 2023 в Усть-Каменогорске,"Усть-Каменогорск, улица Сагадата Нурмагамбетова, 4",полный день,"Полная занятость, полный день",Пользователь ПК;Грамотная речь;Поиск и привлечение клиентов;Телефонные переговоры;Холодные продажи;оформление документации;,https://almaty.hh.kz/vacancy/78824602
Эксперт-оценщик,57,от 150 000 до 200 000 KZT на руки,не требуется,ТОО Ломбард Алтын Бизнес,Вакансия опубликована 20 мая 2023 в Усть-Каменогорске,Алматы,полный день,"Полная занятость, полный день",Деловое общение;Навыки межличностного общения;Обслуживание покупателей;Электронная почта;Пользователь ПК;,https://almaty.hh.kz/vacancy/80762419
Агроном Биолог,7,от 130 000 до 140 000 KZT на руки,не требуется,"Гос. корп. ВКО КАРАНТИННАЯ ЛАБОРАТОРИЯ, ФИЛИАЛ ГУ РЦ КАРАНТИНА РАСТЕНИЙ КОМИТЕТА ГОСУДАРСТВЕННОЙ ИНСПЕКЦИИ В АКМ СЕЛЬСКОГО ХОЗЯЙСТВА РК",Вакансия опубликована 2 мая 2023 в Усть-Каменогорске,Алматы,полный день,"Полная занятость, полный день",E9,https://almaty.hh.kz/vacancy/79961595
Медицинская сестра (медицинский брат)/ассистент врача стоматолога,64,от 120 000 до 200 000 KZT на руки,не требуется,ТОО Smile Clinic,Вакансия опубликована 12 мая 2023 в Усть-Каменогорске,"Усть-Каменогорск, улица Антона Чехова, 72",полный день,"Полная занятость, полный день",Пользователь ПК;Работа в команде;Навыки межличностного общения;Стоматология;Английский — A1 — Начальный;,https://almaty.hh.kz/vacancy/80330131
Помощник менеджера по продажам,54,от 80 000 KZT на руки,не требуется,ТОО Tanauto Vostok,Вакансия опубликована 19 мая 2023 в Усть-Каменогорске,"Усть-Каменогорск, улица Металлургов, 14А",полный день,"Полная занятость, полный день",Пользователь ПК;Грамотная речь;Работа в команде;Навыки продаж;Грамотность;,https://almaty.hh.kz/vacancy/80685020
Пиццерист (повар завтраков),94,до 187 000 KZT на руки,не требуется,ИП Нечепуренко А.М,Вакансия опубликована 4 мая 2023 в Усть-Каменогорске,Усть-Каменогорск,сменный график,"Полная занятость, сменный график",E9,https://almaty.hh.kz/vacancy/80089735
Моторист багерной насосной,40,з/п не указана,не требуется,ТОО Усть-Каменогорская ТЭЦ,Вакансия опубликована 16 мая 2023 в Усть-Каменогорске,"Усть-Каменогорск, Промышленная улица, 2",сменный график,"Полная занятость, сменный график",E9,https://almaty.hh.kz/vacancy/80488649
Токарь,128,от 250 000 KZT до вычета налогов,не требуется,ТОО СКРП Полиус,Вакансия опубликована 24 мая 2023 в Усть-Каменогорске,Алматы,полный день,"Полная занятость, полный день",E9,https://almaty.hh.kz/vacancy/80923720
Слесарь-электрик по ремонту электрооборудования,143,от 240 000 KZT до вычета налогов,не требуется,ТОО СКРП Полиус,Вакансия опубликована 2 мая 2023 в Усть-Каменогорске,Алматы,полный день,"Полная занятость, полный день","ответственный, целеустремленный профессионал своего дела;",https://almaty.hh.kz/vacancy/79961114
Торговый представитель на регион и город,129,от 150 000 до 300 000 KZT на руки,не требуется,ИП Заря УК,Вакансия опубликована 24 мая 2023 в Усть-Каменогорске,"Усть-Каменогорск, улица Кабанбай Батыра, 23/2",полный день,"Полная занятость, полный день",Активные продажи;Развитие продаж;Планирование продаж;Ориентация на результат;Навыки переговоров;работа с текущей базой клиентов;Мерчендайзинг;Умение работать в коллективе;Умение планировать;,https://almaty.hh.kz/vacancy/80948088
Электромонтер по ремонту обмоток и изоляции электрооборудования,144,з/п не указана,не требуется,ТОО Электродвигатель,Вакансия опубликована 14 мая 2023 в Усть-Каменогорске,"Усть-Каменогорск, Промышленная улица, 1",полный день,"Полная занятость, полный день",Умение быстро усваивать новую информацию;Эксплуатация электрооборудования;Ответственность и пунктуальность;Желание работать и развиваться;Быстрообучаемый;Точность и внимательность;,https://almaty.hh.kz/vacancy/79303243
Администратор,8,от 160 000 до 180 000 KZT до вычета налогов,не требуется,ИП Иванова (TERRASPORT fitness club),Вакансия опубликована 2 мая 2023 в Усть-Каменогорске,"Усть-Каменогорск, проспект Независимости, 5/3",сменный график,"Полная занятость, сменный график",Пользователь ПК;Грамотная речь;Работа в команде;Навыки продаж;Проведение ревизий;,https://almaty.hh.kz/vacancy/79984486
Эксперт оценщик в YK Ломбард,57,от 150 000 до 250 000 KZT до вычета налогов,не требуется,ТОО W0rkscape Distribution,Вакансия опубликована 9 мая 2023 в Усть-Каменогорске,"Усть-Каменогорск, улица Казахстан, 77",сменный график,"Полная занятость, сменный график",E9,https://almaty.hh.kz/vacancy/80197840
Инженер-химик / специалист испытательной лаборатории,40,от 200 000 KZT до вычета налогов,не требуется,ТОО ЦентрЭКОпроект,Вакансия опубликована 12 мая 2023 в Усть-Каменогорске,Алматы,полный день,"Полная занятость, полный день",Пользователь ПК;Ведение отчетности;оформление документации;Умение работать в коллективе;,https://almaty.hh.kz/vacancy/80332749
Специалист по социальным сетям и мессенджерам (религиовед),103,от 140 000 до 200 000 KZT на руки,не требуется,ИП Аскарова А.М.,Вакансия опубликована 28 апреля 2023 в Усть-Каменогорске,Алматы,полный день,"Полная занятость, полный день",1С: Склад;Социальные сети;Windows Os;Microsoft Office FrontPage;Пользователь ПК;Аналитический склад ума;навыки социальной инженерии;,https://almaty.hh.kz/vacancy/79914954
Помощник резчика по стеклу,40,от 150 000 до 200 000 KZT на руки,не требуется,ИП ЛЕНВИТ Поршнева Елена Анатольевна,Вакансия опубликована 2 мая 2023 в Усть-Каменогорске,"Усть-Каменогорск, улица Калинина, 87",полный день,"Полная занятость, полный день",Ответственность и исполнительность;Умение находить общий язык;,https://almaty.hh.kz/vacancy/78921978
Дизайнер,34,от 150 000 KZT на руки,не требуется,ТОО Debut (Дебют),Вакансия опубликована 10 мая 2023 в Усть-Каменогорске,"Усть-Каменогорск, улица Максима Горького, 48/1",полный день,"Полная занятость, полный день",E9,https://almaty.hh.kz/vacancy/80215259
